movie_id;tmdb_id;title;original_title;overview;poster_path;release_date;runtime
8090;;The Harvest;The Harvest;Documentaire sur les tristement célèbres enlèvements de Boko Haram au Nigéria en 2014.;;;0
7979;;Fargo;Fargo;Un vendeur de voitures d’occasion endetté fait enlever sa femme par deux petites frappes afin de toucher la rançon qui sera versée par son richissime beau-père. Mais le plan ne va pas résister longtemps à l’épreuve des faits et au flair d’une policière enceinte…;https://fr.web.img6.acsta.net/pictures/18/11/09/09/01/1014254.jpg;1996-09-04;97
7998;;Le Syndicat du crime 2;Yinghung bunsik II;On promet au gangster Sung Tse Ho de le sortir de prison s'il accepte d'assister son frère policier, Sung Tse Kit dans une mission périlleuse qui consiste à s'infiltrer au sein d'un gang.;https://fr.web.img6.acsta.net/img/b2/5a/b25a1d4cfcd5a165d4699544108064ce.jpg;1993-07-28;104
8052;;Hex;Hex;Trois femmes forment le groupe Witch Club Satan sans savoir jouer d’instruments. Liées par un pacte de trois ans pour devenir sorcières et musiciennes, elles utilisent le black metal pour libérer une puissance féminine brute.;;;92
7920;;Plus fort que moi;I Swear;Dans les années 1980, John Davidson grandit avec le syndrome de Gilles de la Tourette, une pathologie encore largement méconnue. Entre incompréhension, stigmatisation et détermination, son parcours d’abord semé d'embûches se transforme en combat pour être reconnu tel qu’il est, au-delà des préjugés.;https://fr.web.img6.acsta.net/img/8f/b7/8fb759142fd32992ed10f00b082d92fd.jpg;2026-04-01;121
7965;;Black Panthers;Black Panthers;Documentaire tourné à Oakland (Californie) au cours des manifestations autour du procès de Huey Newton, leader des activistes noirs... Au temps où les Black Panthers avaient un programme et des projets, avec entraînement des troupes, meetings, danses et déclarations, au temps où les Black Panthers inquiétaient les USA.;https://fr.web.img6.acsta.net/pictures/14/06/30/11/49/450376.jpg;2014-07-30;31
8079;;Casablanca;Casablanca;Dans son night-club marocain, le cynique Rick Blaine ferme les yeux sur la misère de la Seconde Guerre mondiale jusqu’à ce que son ancienne amante, Ilsa Lund, entre dans la pièce, forçant Rick à choisir entre vivre avec la femme qu’il aime et devenir le héros dont elle a besoin.;https://fr.web.img6.acsta.net/medias/nmedia/18/64/83/80/20247449.jpg;1947-05-13;102
7889;;L'Oeuvre invisible;L'Oeuvre invisible;Alexandre Trannoy. Le nom de ce réalisateur ne vous dit rien ? C’est normal : malgré 30 ans de projets, et de tournages avec Jean Rochefort, Anouk Aimée ou Lino Ventura, Trannoy n’a jamais réussi à terminer le moindre film… Enquête haletante sur un rêveur sublime.;https://fr.web.img6.acsta.net/img/50/34/50344871a9a9ffb1dcde67a1bfb50ee6.jpg;2026-04-08;71
7890;;L'argent, la liberté, une histoire du franc CFA;L'argent, la liberté, une histoire du franc CFA;1960 amorce la fin des empires coloniaux sur le continent africain. La France disparait de la carte… en théorie seulement. Le franc CFA, monnaie rattachée au Trésor Français depuis ses origines, circule toujours sur la quasi-totalité de ses anciens territoires au Sud du Sahara. Adossé aujourd’hui à l’euro, il offre un accès privilégié aux marchés africains. Sur la scène diplomatique le système CFA confère un rôle central à Paris qui est perçue comme « garant » pour la communauté internationale. Quatorze États conservent encore ce curieux héritage. Quelles en sont les raisons ? Au bout de l’Histoire, il y a la Fable.​;https://fr.web.img6.acsta.net/img/51/60/5160a1f8efe640a7a569da4a100b42cd.jpg;;90
7891;;Na China;Na China;Jackie, Julie et Shanny font partie des milliers d’Africains installés en Chine. Comme elles, des milliers de jeunes femmes et hommes partent chercher à Canton la possibilité de faire fortune, de se former ou de monter une affaire se débattant dans l’économie globalisée chinoise. Baskets Nike au kilo, sacs Vuitton par colis de 100, chemises Gucci en palettes... tous les jours, ces petits ou gros investisseurs, débutants ou expérimentés, achètent et expédient des tonnes de marchandises qui s’entassent dans des containers à destination de Douala, Lagos ou Mombasa.;https://fr.web.img6.acsta.net/img/4d/c4/4dc4a35fb967e0a5cdc06af3ca8679f6.jpg;2023-12-03;71
7892;;La Croisière;The Cruise;Timothy “Speed” Levitch, guide touristique excentrique new-yorkais, transforme chacune de ses visites en une véritable performance.   À bord d’un bus à impériale, il déclame des monologues fiévreux mêlant poésie, réflexions philosophiques et humour acerbe.   Son regard singulier sur la ville fait de ce rôle banal une exploration profonde de la vie, de l’amour et de l’expérience humaine.;https://fr.web.img6.acsta.net/img/bf/2a/bf2ae102f1e9ae433a8e1a088273c7b8.jpg;2026-03-04;74
7899;;Searching for Amani;Searching for Amani;Un jeune journaliste en herbe enquête sur le meurtre mystérieux de son père dans l'une des plus grandes réserves naturelles du Kenya. Alors qu'une sécheresse dévastatrice s'installe, sa quête du tueur s'oriente vers les dommages collatéraux d'un monde en surchauffe.;https://fr.web.img6.acsta.net/img/27/be/27be7c34cdf0dcd8aba3b598cfe7d913.jpg;;80
7901;;Climate Film Festival - Court-métrages de fiction;Climate Film Festival - Court-métrages de fiction;Programme de sept courts métrages de fiction en partenariat avec le Climate Film Festival :;https://fr.web.img6.acsta.net/img/3c/3b/3c3bcb8ef424a1b2b1b656d072a2ffaa.jpg;;86
7902;;To Hold a Mountain;To Hold a Mountain;Dans les hauts plateaux reculés du Monténégro, une mère bergère et sa fille défendent avec fierté leur montagne contre la menace de sa transformation en terrain d’entraînement militaire de l’OTAN.;https://fr.web.img6.acsta.net/img/0d/4d/0d4d42424590fdfb6b869d813f892021.jpg;;103
7904;;Climate Film Festival - Court-métrages expérimentaux;Climate Film Festival - Court-métrages expérimentaux;Programme de sept courts métrages expérimentaux s'inscrivant dans le cadre du partenariat avec le;https://fr.web.img6.acsta.net/img/9e/1c/9e1cb81b5b43d2001b6a88a2947483c3.jpg;;97
7905;;Yanuni;Yanuni;Le portrait de Juma Xipaya, une courageuse activiste autochtone brésilienne et première femme élue cheffe dans la région du Moyen Xingu, en Amazonie.;https://fr.web.img6.acsta.net/img/8a/11/8a11251414ee3b5954fe265bd813d598.jpg;;112
7909;;Before & After - Histoire intime d’une collection;Before & After - Histoire intime d’une collection;À l’occasion d’une promenade dans leur parc de sculptures en Provence, Anne et Wolfgang Titze (elle, Parisienne, lui, Viennois) déroulent le fil d’une histoire singulière : celle d’une rencontre entre deux mondes, deux cultures, qui, loin de s’opposer, ont su puiser dans leurs différences une harmonie féconde, donnant ainsi naissance à l’une des plus belles collections d’art contemporain.;https://fr.web.img6.acsta.net/img/e0/25/e0253159530d1bdaba5bdf7dcb9db5d0.jpg;;60
7910;;Programme Courts Métrages Isabelle Prim;Programme Courts Métrages Isabelle Prim;Déjeuner chez Gertrude Stein : Une fée est invitée à déjeuner chez Gertrude Stein et d’un coup change de monde. D’après Fairy Queen d’Olivier Cadiot Je serai quand même bientôt tout à fait mort enfin : Virginia Woolf, Roland Barthes, Frida Kahlo, Franz Kafka, Lewis Carroll, etc. ont en commun d'avoir tenu un journal intime. Qu'advient-il lorsqu’on prélève de ces journaux leur tout derniers mots ?;https://fr.web.img6.acsta.net/img/d5/e2/d5e2fb0ffc6f6d8bda2b536b2db6dd2b.png;;70
7911;;I Am Martin Parr;I Am Martin Parr;Portrait du photographe Martin Parr.;https://fr.web.img6.acsta.net/img/98/07/9807aaf3ab94e948a50f0fcce9c7a71d.png;;66
7912;;Mens;Mens;À la mort de sa grand-mère, un adolescent hérite d'un mystérieux dossier d'instruction daté de 1895. Fasciné par cette archive criminelle, à la fois document réel et instrument de fiction, l'adolescent de 14 ans devient le juge d'instruction d'une affaire conclue depuis plus d'un siècle.;https://fr.web.img6.acsta.net/img/b5/21/b5212226b31421023a9fa13010362033.jpeg;;105
7925;;Un jour avec mon père;My Father's Shadow;Un Jour avec mon père est un récit semi-autobiographique se déroulant sur une seule journée dans la capitale nigériane, Lagos, pendant la crise électorale de 1993. Un père tente de guider ses deux jeunes fils à travers l'immense ville alors que des troubles politiques menacent.;https://fr.web.img6.acsta.net/img/42/4a/424afa6c704171e9baaea342d9c0f338.jpg;2026-03-25;93
7929;;The Legend of Hei II;Luo Xiaohei Zhan Ji 2;Alors qu'il poursuit sereinement sa formation auprès de Wuxian, Hei voit son monde s'effondrer lorsqu'une attaque sanglante frappe une guilde de Yaojing et que son maître est désigné comme coupable. Aux côtés de Luye, la disciple de Wuxian, il s'engage dans une enquête périlleuse pour faire éclater la vérité et découvre qu'une conspiration menace de ranimer le conflit entre humains et esprits.;https://fr.web.img6.acsta.net/img/a8/05/a80506af2871487d7086caa05e64fa57.png;2026-04-23;120
7931;;Sans retour;Southern comfort;Lors d'un exercice militaire dans les marécages de la Louisiane, neuf membres de la garde nationale empruntent des barques aux cajuns. L'un des soldats, apeuré par la présence d'un des habitants, lui tire dessus, heureusement à blanc. Mais les cajuns ripostent avec de vrais balles. Les militaires sont tués un à un. Deux seuls arrivent à survivre.;https://fr.web.img6.acsta.net/img/54/2d/542d639e51e69f9bbfee974c8099c9b4.jpg;2025-11-10;99
7934;;Rex Studios;Rex Studios;;https://fr.web.img6.acsta.net/pictures/17/01/23/15/01/416271.jpg;2022-01-01;45
7935;;Visite guidée;Visite guidée;;;;5
7936;;Sauvez le cinéma !;Sauvez le cinéma !;EN COLLABORATION AVEC TEAM BREAK;https://fr.web.img6.acsta.net/img/30/e8/30e865dbd7082d093fb6d93f525f3908.JPG;2021-06-09;45
7938;;Moonwalker;Moonwalker;Dans les années trente, Monsieur Big, un malfrat de la pire espèce, sévit dans les rues de Chicago. Lorsqu’il s’en prend à de jeunes enfants, Michael Jackson ne peut s’empêcher de réagir et avec l’aide de ses amis, Sean, Zeke et Katie, ils vont tout faire pour mettre ce dangereux truand sous les verrous. Un combat du bien contre le mal au sommet.;https://fr.web.img6.acsta.net/medias/nmedia/18/71/34/22/19131835.jpg;;93
7943;;Le Cid (Comédie-Française);Le Cid (Comédie-Française);Chimène, fille du comte Don Gomès, et Rodrigue, dit Le Cid, s’aiment passionnément. Mais une grave querelle oppose leurs familles, Rodrigue doit alors venger l’honneur de son père au cours d’un duel inévitable avec le comte… Un combat qui bouleverse son histoire d’amour avec Chimène.;https://fr.web.img6.acsta.net/img/9c/3e/9c3ef747092bfc398d919af166551a41.jpg;2026-04-26;155
7958;;Edmond et Lucy - La Forêt, c'est l'aventure;Edmond et Lucy - La Forêt, c'est l'aventure;La forêt d'Edmond et Lucy est un monde à explorer sans fin ! Sentiers secrets, arbres centenaires, habitants mystérieux... À chaque pas, la nature révèle ses richesses et ses mystères. Pour nos deux explorateurs en herbe, l'aventure est partout. Il suffit de se laisser guider par la forêt !;https://fr.web.img6.acsta.net/img/c3/f1/c3f1c0f0487600d766398e361cb351bd.jpg;2026-03-25;45
7962;;Caravane ;Karavan;Ester élève seule David, son fils, atteint d'une déficience intellectuelle. Cet été, elle rêve d’un peu d'insouciance chez des amis en Italie. Mais après une crise de David, la tension monte, et ils se retrouvent exilés dans une vieille caravane au fond du jardin. C'en est trop pour Ester. Sur un coup de tête, ils prennent la route. Quand Zuza, jeune routarde sans préjugés, embarque à leurs côtés, un trio bancal mais sincère se forme, entre joie fragile et liberté inattendue.;https://fr.web.img6.acsta.net/img/55/19/5519956263baf87ed9deb0936c4ccd97.jpg;2026-04-22;103
7974;;Cinema Paradiso;Nuovo cinema Paradiso;Alfredo vient de mourir. Pour Salvatore, cinéaste en vogue, c'est tout un pan de son passé qui s'écroule. On l’appelait Toto a l'époque. Il partageait son temps libre entre l'office où il était enfant de chœur et la salle de cinéma paroissiale, en particulier la cabine de projection où régnait Alfredo...;https://fr.web.img6.acsta.net/pictures/15/06/03/15/09/279596.jpg;1989-09-20;118
7976;;Torso;I Corpi presentano tracce di volenza carnale;Partie étudier l'art en Italie, la vie de Jane, une américaine, devient moins paisible à partir du moment où une série de meurtres commence sur le campus... La police ne parvient pas à retrouver le coupable et très inquiètes, elle et ses amies décident de partir à la campagne pour s'éloigner et être en sécurité. Malheureusement, le meurtrier est lui aussi parti se reposer au même endroit qu'elles !;https://fr.web.img6.acsta.net/img/37/f3/37f3ddb04dc729f12cdccabf664948b0.jpg;;90
7977;;Les Sentiers de la gloire;Paths of Glory;"En 1916, durant la Première Guerre mondiale, le général français Broulard ordonne au général Mireau de lancer une offensive suicidaire contre une position allemande imprenable, surnommée ""La fourmilière"". Au moment de l'attaque, les soldats tombent par dizaines et leurs compagnons, épuisés, refusent d'avancer...";https://fr.web.img6.acsta.net/medias/nmedia/18/35/35/59/19658149.jpg;1975-03-26;88
7978;;Tokyo Godfathers;Tôkyô goddofâzâzu;A Tokyo, pendant les fêtes de Noël, trois amis sans abri trouvent un bébé abandonné et une mystérieuse clé annonciatrice de folles aventures.;https://fr.web.img6.acsta.net/medias/nmedia/18/63/07/11/19462959.jpg;;92
7988;;Un lugar mas grande;Un lugar mas grande;"Au Chiapas, dans le sud du Mexique, les habitants de Tila et d’autres villages ayant expulsé la mairie et la police se confrontent au défi de l'autogouvernement. ""Un lugar más grande"" explore la construction de l'autonomie au quotidien, révélant une large trame de personnes, de générations, d'esprits et de paysages, et des images inédites. Une plongée au cœur d'un processus collectif, quand l'autogouvernement devient une responsabilité envers soi-même et envers les autres. Une aventure d’inspiration zapatiste en territoire maya.";https://fr.web.img6.acsta.net/img/7c/0f/7c0f05028226e11a296b633ffe6db6e2.jpg;2026-04-22;115
7989;;Sans retour possible;Sans retour possible;""" Sans retour possible "" : ces trois mots barrent les papiers d'identité des Arméniens partis de Turquie après les massacres de 1915.";https://fr.web.img6.acsta.net/img/61/4b/614bdffed942db879508dbaacc9d1a48.jpeg;2026-04-22;108
7992;;La Jeune fille à l'écho;Paskutine atostogu diena;Adaptation de la nouvelle;https://fr.web.img6.acsta.net/pictures/20/06/19/16/03/1295857.jpg;2020-09-02;66
7993;;City on fire;Long hu feng yun;"À la suite d'un assassinat en plein quartier populaire de Hong Kong, l'inspecteur Lau charge un de ses meilleurs flics d'infiltrer un gang de dangereux malfaiteurs. Ko Chow devient ainsi une ""taupe"", suspecté par les braqueurs et poursuivi par la police qui ignore tout de sa véritable identité. Après un hold-up particulièrement sanglant, Chow se lie d'amitié avec son chef de bande, l'implacable mais loyal Lee Fu.";https://fr.web.img6.acsta.net/img/f8/ca/f8ca3bd94119fbe926e25ba5076451b9.jpg;1987-02-13;100
8002;;Le Syndicat du crime;Ying hung boon sik;Sung Tse Ho et Mark Gor deux seigneurs de la mafia à Hong Kong, coulent des jours heureux sous les ordres d'un parrain vieillissant. Tout irait pour le mieux si Ho n'avait un frère cadet qui a choisi de faire carrière dans la police.;https://fr.web.img6.acsta.net/img/b8/86/b88681b6a69ec625cc359fcce46f8316.jpg;1993-07-21;95
8004;;Gros-pois et Petit-point;Prick och Fläck;Le premier est couvert de pois, tandis que l’autre est parsemé de points. Et ils sont très heureux comme ça. Mais vous n’êtes pas au bout de vos surprises car les aventures de Gros-pois et Petit-point riment avec imagination, observation et expérimentation... Un délice pour les plus petits.;https://fr.web.img6.acsta.net/pictures/22/03/28/12/59/2876751.jpg;2011-11-30;43
8005;;Les Petits contes de la nuit;Les Petits contes de la nuit;Une histoire, un câlin, un bon lit, il en faut peu pour bien dormir !;https://fr.web.img6.acsta.net/img/d2/14/d214d797ce20ee5ef8cd36afa5611327.jpg;2020-03-04;40
8007;;Un balcon à Limoges;Un balcon à Limoges;Gladys Choseille, une femme d’une cinquantaine d’années, vit à l’écart de la société, sans logement, sans carte Vitale, sans banque. Rien ne compte pour elle, même pas le sexe, l’alcool et la danse qu’elle pratique pourtant avec une frénésie joyeuse. Un matin, elle rencontre par hasard une amie de lycée, Eugénie Flan, qui va tenter de l’aider contre sa volonté.;https://fr.web.img6.acsta.net/img/9f/fd/9ffd5cf8fa93dc5cc78a79ca541b0f47.jpg;2026-04-29;70
8009;;Pickpocket;Pickpocket;L'itinéraire de Michel, jeune homme solitaire, fasciné par le vol, qu'il élève au niveau d'un art, persuadé que certains êtres d'élite auraient le droit d'échapper aux lois.;https://fr.web.img6.acsta.net/medias/nmedia/18/60/06/97/19052621.jpg;;75
8010;;Little Feet;Little Feet;Déterminés à libérer leur poisson rouge, Lana et Nico se lancent dans une odyssée urbaine magique, quittant leur maison de Los Angeles pour rejoindre l’océan. Leur aventure, racontée à travers les yeux de ce frère et cette sœur, est jalonnée de rencontres aussi folles qu’inquiétantes.;https://fr.web.img6.acsta.net/img/fc/f7/fcf7e3652b93dd463625360e32acdee0.jpg;2026-04-08;64
8013;;Un, deux, trois;One, Two, Three;A Berlin-Ouest, l'ambitieux Mac Namara représente les intérêts de Coca-Cola. Il voudrait bien conquérir le marché de l'Est, ce qui lui vaudrait à coup sûr de l'avancement. Il entreprend donc de convaincre un trio d'attachés commerciaux soviétiques. Sur ces entrefaites débarque miss Coca, fille du grand patron de la firme et séductrice impénitente. Les tracas ne font que commencer...;https://fr.web.img6.acsta.net/pictures/19/06/04/11/59/4102506.jpg;;115
8016;;The Hand;The Hand;Hong Kong, années 60. Zhang, un timide tailleur, est fasciné par son impérieuse cliente, Mlle Hua. Dès qu’il la rencontre, elle le séduit pour s’assurer qu’il se souviendra d’elle lorsqu’il dessinera ses vêtements. Après cette première rencontre intime, une relation passionnante se développe entre les deux…;https://fr.web.img6.acsta.net/img/01/c4/01c4a88410acda50fb9b24afda38915a.jpg;2023-12-20;56
8018;;La Derniere Vague;The Last Wave;Des phénomènes atmosphériques hors-du-commun se manifestent en Australie. Ils seraient annonciateurs d'un prochain cataclysme selon les aborigènes du pays.;https://fr.web.img6.acsta.net/medias/nmedia/18/64/88/55/18811147.jpg;;106
8021;;Ginza Cosmetics;Ginza keshô;Mère célibataire et hôtesse de bar en fin de carrière, Yukiko Tsuji travaille sans relâche au Bel Ami, un petit club du quartier animé de Ginza à Tokyo, pour subvenir aux besoins de son jeune fils, Haruo, garçon vif et malin, mais livré à lui-même. Lorsque sa patronne envisage de vendre l’établissement, Yukiko, elle-même criblée de dettes, doit faire face aux avances d’un puissant homme d’affaires aux pratiques peu scrupuleuses, afin de trouver l’argent nécessaire à la survie du Bel Ami...;https://fr.web.img6.acsta.net/img/6b/d0/6bd0fcb00c71c6b3586b38e4aad53603.jpg;2026-04-15;87
8029;;Hanussen;Hanussen;Grandeur et chute du mage Hanussen, qui predit la montee au pouvoir d'Hitler.;https://fr.web.img6.acsta.net/pictures/210/215/21021568_20130722143808926.jpg;;140
8031;;Anemone – Les racines du mensonge;Anemone;Voilà 10 ans que Ray Stroker s'est exilé au cœur d'une forêt reculée d'Angleterre, coupé du monde et de sa famille. Mais lorsque celle-ci décide de renouer le contact, les traumatismes de chacun refont surface. Après une décennie de silence, l'heure est venue pour Ray de se confronter à ses secrets.;https://fr.web.img6.acsta.net/img/58/b3/58b398c7f7452a1559c1cd9e8b9cfada.jpg;2026-03-25;125
8037;;Wives 2, dix ans après;Hustruer - ti år etter;Kaja, Mie et Heidrun se retrouvent lors d’une soirée, dix ans après leur première escapade. Elles quittent cette fête ensemble, un brin éméchées, décidant de ne pas rentrer. Elles vont être de nouveau confrontées chacune aux incohérences de leur vie quotidienne, amoureuse et sociale.;https://fr.web.img6.acsta.net/img/f5/14/f51480acbc19b48899f830e4584ebb46.jpg;2026-04-01;88
8038;; Wives 3, elles ont 50 ans !;Hustruer III;Mie, Heidrun et Kaja se retrouvent pour fêter les 50 ans de cette dernière. Elles en profitent pour faire un point sur leurs vies, leurs hommes, leurs enfants et leurs parents vieillissants... Elles évoquent aussi leurs rêves, et leurs craintes grandissantes de ne pas parvenir à les réaliser.;https://fr.web.img6.acsta.net/img/f5/14/f51480acbc19b48899f830e4584ebb46.jpg;2026-04-01;76
8039;;La Barrière de chair;Nikutai no mon;Après la Seconde Guerre mondiale, dans un Japon meurtri, cinq prostituées vivent en groupe dans un ghetto de Tokyo. Telles une famille unie, elles défendent leur territoire et leurs intérêts communs. Mais l’arrivée d’une nouvelle fille et d’un ancien soldat blessé pourrait mettre en péril leur unité.;https://fr.web.img6.acsta.net/img/5f/42/5f4247b1343d6e98680610a06be139cc.jpg;1990-06-27;90
8041;;Le Vagabond de Tokyo;Tôkyô nagaremono;Tetsu, yakuza intrépide et loyal, suit son chef Kurata qui décide de quitter le crime. Mais les clans rivaux cherchent à s’emparer de leurs affaires, forçant Tetsu à fuir Tokyo et à errer à travers le Japon, toujours poursuivi par ses ennemis.;https://fr.web.img6.acsta.net/img/7b/75/7b75e25e51a6d1222b38eea8a8541649.jpg;1994-07-13;83
8042;;Histoire d'une prostituée;Shunpu den;Dans les années 1930, Harumi est une prostituée dont l’amant vient de se marier à une femme qu’il n’aime pas. Dépitée, elle se rend en Mandchourie, en plein conflit sino-japonais, pour y travailler avec d’autres filles. Elle y devient vite le souffre-douleur d’un officier violent.;https://fr.web.img6.acsta.net/img/71/cc/71ccf25eacda111a82012089032c68be.jpg;2018-03-28;96
8043;;La Jeunesse de la bête;Yaju no seishun;Le détective Tajima joue un jeu dangereux : afin de venger la mort d’un de ses amis, il accumule les délits. Conformément à ses plans, les Yakuza le recrutent rapidement et il intègre le gang qu’il veut détruire en semant la discorde de l’intérieur. Mais alors que le massacre commence, il réalise avec stupeur que la personne à la tête du clan ne répond pas aux critères mafieux habituels.;https://fr.web.img6.acsta.net/img/97/5c/975cb6dd7778016d9f1e386df8bb406c.jpg;;92
8044;;La Marque du tueur;Koroshi No Rakuin;Goro Hanada, troisième tueur le plus redouté de la pègre japonaise, est un professionnel impitoyable, perturbé seulement par un étrange fétichisme pour l’odeur du riz bouilli. Lorsqu’il rate sa cible et tue une innocente, il devient la proie de son organisation et de son insaisissable « tueur numéro 1 ».;https://fr.web.img6.acsta.net/img/c7/be/c7bed964337fcb939e738d1b08934365.jpg;;92
8046;;La Vie d'un tatoué;Irezumi Ichidai;Deux freres en fuite pour avoir supprime un patron de gang se dissimulent au sein d'une equipe d'ouvriers du batiment. Ils decouvrent alors la vie miserable du proletariat et l'emprise des yakuzas sur ce secteur.;https://fr.web.img6.acsta.net/img/58/26/5826fc88297308da3670a158ce625178.jpg;;87
8047;;Elégie de la bagarre;Kenka erejii;Chronique d'une adolescence violente, à Okayama, dans les années trente.;https://fr.web.img6.acsta.net/img/6f/a1/6fa1fa6fbd0d7d6fe78ee97698130df8.jpg;;86
8048;;Maru;Maru;Sawada, jeune diplômé d’art sans succès, assiste un créateur renommé jusqu’à un accident qui le blesse au bras et lui coûte son emploi. Chez lui, il remarque une fourmi qui le conduit à tracer un cercle, bientôt obsédant et envahissant.;https://fr.web.img6.acsta.net/img/71/4d/714daffc6a2da8ff8d7a537e819f61f6.jpg;;117
8049;;The Life Of Sean DeLear;The Life Of Sean DeLear;Portrait kaléidoscopique de l’icône queer punk Sean DeLear, constitué d’images vidéo personnelles et de témoignages actuels de ses collaborateur·ices et proches. Chanteur·euse du groupe postpunk Glue, cet·te artiste à la personnalité hors du commun a repoussé·e les barrières de la scène culturelle de Los Angeles, en tant que performeur·se queer, noir·e et icône drag.;;;82
8051;;The Magic City;The Magic City;;;;100
8053;;Pluie noire;Kuroi Ame;Hiroshima – 6 Août 1945. La vie suit son cours, comme tous les jours. Un terrible éclair déchire le ciel. Suivi d’un souffle terrifiant. Et l’Enfer se déchaîne. Des corps mutilés et fantomatiques se déplacent parmi les amas de ruines. Au même moment, Yasuko faisait route sur son bateau, vers la maison de son oncle.  Une pluie noire s’est alors abattue sur les passagers. Ils ne savaient pas, ils ne savaient rien Quelques années plus tard, les irradiés sont devenus des parias dans le Japon d’après-guerre.;https://fr.web.img6.acsta.net/img/40/2e/402e02fa516a72e97aeb6d5c0242169f.jpg;1989-10-30;118
8054;;La Sentinelle;La Sentinelle;Mathias, qui vivait en Allemagne, décide de regagner la France. Dans le train, il croise un homme qui le menace, l'insulte et disparait. Il découvre le lendemain dans sa valise une tête humaine reduite à la manière des Indiens Jivaros. Mathias ne pense plus qu'à cette tête, tente de percer son mystère et s'isole totalement du monde...;https://fr.web.img6.acsta.net/medias/nmedia/18/36/06/59/19468529.jpg;2021-10-31;139
8055;;La Vengeance est à Moi;Fukushû suruwa wareniari;En octobre 1963, la police découvre les cadavres de deux collecteurs de taxes dans la campagne. Le suspect est l’un de leurs collègues : Iwao Enokizu, un escroc plusieurs fois condamné. Réfugié dans une auberge d’Hamatsu, Enokizu se fait passer pour un professeur d’université et poursuit ses méfaits alors que son portrait est affiché dans tout le Japon. L’histoire vraie d’un tueur sans scrupules que la société a transformé en monstre.;https://fr.web.img6.acsta.net/img/40/2e/402e02fa516a72e97aeb6d5c0242169f.jpg;1982-11-24;130
8056;;Memories of Murder;Salinui chueok;En 1986, dans la province de Gyunggi, le corps d'une jeune femme violée puis assassinée est retrouvé dans la campagne. Deux mois plus tard, d'autres crimes similaires ont lieu. Dans un pays qui n'a jamais connu de telles atrocités, la rumeur d'actes commis par un serial killer grandit de jour en jour. Une unité spéciale de la police est ainsi créée dans la région afin de trouver rapidement le coupable. Elle est placée sous les ordres d'un policier local et d'un détective spécialement envoyé de Séoul à sa demande. Devant l'absence de preuves concrètes, les deux hommes sombrent peu à peu dans le doute...;https://fr.web.img6.acsta.net/pictures/17/04/14/09/41/477957.jpg;2004-06-23;130
8057;;La Ballade de Narayama;Narayama Bushikou;Orin, une vieille femme des montagnes du Shinshu, atteint l'âge fatidique de soixante-dix ans. Comme le veut la coutume, elle doit se rendre sur le sommet de Narayama pour être emportée par la mort. La sagesse de la vieille femme aura d'ici-là l'occasion de se manifester.;https://fr.web.img6.acsta.net/img/40/2e/402e02fa516a72e97aeb6d5c0242169f.jpg;1983-09-28;131
8058;;La Persécution;Forfølgelsen;Au début du 17ème siècle, une femme, Eli, fermière et tisserande, revient dans un village près de là où elle a grandi. Eprise de liberté et d’indépendance, elle ne craint pas d’avouer ouvertement son amour pour Aslak, un valet de ferme, qui est attirée par elle. Peu à peu, elle s’attire la jalousie des gens du village. On commence à lui attribuer des pouvoirs surnaturels, et des connaissances occultes. Une série d’incidents apparemment inexplicables semblent confirmer ces soupçons. Mais elle est protégée par la riche notable du village, son amie, ce qui la rend pour le moment intouchable...;https://fr.web.img6.acsta.net/img/35/ed/35ed470369140d245899854345096abe.jpg;2026-05-06;93
8059;;L'Héritage;Arven;À la mort de l’armateur Kai Skaug, la famille dispersée se retrouve étroitement liée par son héritage. Car le défunt, dans son testament, a décrété que seule, une famille entière et unie, aura le droit de lui succéder à la tête de la société qu’il a créée.  Avec donc certaines responsabilités et charges à assumer. Cet héritage change la vie de chacun et fait éclater des conflits longtemps dissimulés.;https://fr.web.img6.acsta.net/img/35/ed/35ed470369140d245899854345096abe.jpg;2026-05-06;95
8060;;Le Viol (le cas Anders);Voldtekt;Une banlieue banale couverte de neige. Au petit matin, un viol est commis, bientôt suivi d’une autre tentative. Anders a été remarqué non loin de la scène du crime. La police l’arrête et se livre à une enquête pour savoir quelles pourraient être les raisons qui auraient poussé ce jeune homme ordinaire à commettre deux crimes. Anders ne peut se reconnaître dans le portrait que l’on fait de lui. Mais les rouages implacables de la machine judiciaire se sont enclenchés.;https://fr.web.img6.acsta.net/img/35/ed/35ed470369140d245899854345096abe.jpg;2026-05-06;96
8061;;Dear Tomorrow;Dear Tomorrow;La solitude, fléau mondial grandissant, est au cœur de ce documentaire. À travers les parcours de Shoko et Masato, se dessine un récit sensible autour de leur quête de liens humains et de sens. Dans leurs moments de détresse, ils se tournent vers A Place for You, un service de messagerie tenu par des bénévoles. Face à l’ampleur de la crise, le Japon a même créé un ministère dédié. Le réalisateur, qui entretient des liens personnels avec le Japon, dresse un portrait émouvant de l'isolement et de l'espoir.;https://fr.web.img6.acsta.net/img/04/44/044471ac008b402a68470af6a64f964d.jpg;;91
8062;;The Driller Killer;The Driller Killer;Un artiste peintre perd peu à peu ses esprits jusqu'à se transformer en tueur en série opérant la nuit dans les rues de New York armé d'une perceuse. Le jour, il ne se rappelle plus de ses escapades nocturnes...;https://fr.web.img6.acsta.net/medias/nmedia/18/71/39/93/19133399.jpg;;96
8063;;Le Chef d'orchestre;Dyrygent;Souvenirs d'un grand chef d'orchestre, sur une musique de Beethoven.;;;101
8064;;La Petite fabrique de nuages;La Petite fabrique de nuages;Vu d’en bas ou vu d’en haut, le ciel est toujours le théâtre de spectacles extraordinaires. Que l’on soit un oiseau migrateur, un lémurien explorateur, un chasseur d’étoiles ou une petite tortue de terre, il est toujours temps de rêver, la tête dans les nuages !;https://fr.web.img6.acsta.net/pictures/19/02/07/09/32/5428957.jpg;2019-03-13;46
8065;;Les Contes du pommier;Pohádky po babičce;Lors d’un séjour chez leur grand-père, Suzanne (8 ans) s’improvise conteuse pour illuminer la maison d’histoires imaginaires et merveilleuses qu’elle raconte à ses deux frères, Tom et Derek, afin de combler l’absence de leur grand-mère. D’abord réticent, le grand-père finit par s’associer à leurs jeux et, par un tour de passe-passe, fait de leur week-end un moment de partage et de joyeux souvenirs.;https://fr.web.img6.acsta.net/img/97/e7/97e726b5f30004d00fdd339b3f0757ce.jpg;2026-04-08;70
8068;;Loulou et autres loups...;Loulou et autres loups...;Un été, au pays des lapins, tandis que Tom se prélasse sur la plage, un drame se joue dans les sous-bois. Loulou, le jeune loup, se retrouve seul au monde. Comment survivre quand on ne sait ni ce qu'on est ni ce qu'on est censé manger ?;https://fr.web.img6.acsta.net/medias/nmedia/18/35/05/64/affiche.jpg;2003-03-26;55
8072;;La Princesse, l'ogre et la fourmi;La Princesse, l'ogre et la fourmi;Cinq fables où les héros jonglent entre surprises, solidarité, amitié, amour. Racontées et chantées par Philippe Katerine.;https://fr.web.img6.acsta.net/img/d4/4f/d44fc9a919162a0bdf8cc6bfa82ece89.jpg;2026-03-18;42
8073;;L'une chante, l'autre pas;L'une chante, l'autre pas;Deux jeunes femmes vivent à Paris en 1962. Pauline (17 ans), étudiante, rêve de quitter sa famille pour devenir chanteuse. Suzanne (22 ans) s’occupe de ses deux enfants et fait face au drame du suicide de leur père.;https://fr.web.img6.acsta.net/pictures/18/06/22/16/01/0568868.jpg;2023-11-06;120
8080;;Le Fleuve de la mort;El río y la muerte;Les familles Anguiano et Menchaca se livrent une lutte impitoyable depuis des années, endeuillant régulièrement leur village. Pour échapper à cette vendetta infernale, Gerardo est parti vivre en ville où il est devenu médecin. Un jour, on le somme de rentrer au village afin d'affronter le fils rival. Gerardo est alors pris dans un dilemme entre tradition familiale et désir de vivre sa propre vie...;https://fr.web.img6.acsta.net/img/03/6b/036b7f4c364ea9f0cccd66544dcd9c3a.jpg;1966-01-12;92
8075;;Parasite;Gisaengchung;Toute la famille de Ki-taek est au chômage, et s’intéresse fortement au train de vie de la richissime famille Park. Un jour, leur fils réussit à se faire recommander pour donner des cours particuliers d’anglais chez les Park. C’est le début d’un engrenage incontrôlable, dont personne ne sortira véritablement indemne...;https://fr.web.img6.acsta.net/pictures/20/02/12/13/58/3992754.jpg;2019-06-05;132
8077;;Nos années sauvages;A Fei jingjyuhn;Yuddy collectionne les conquêtes et n’en peut vite plus de ces jeunes femmes qui, à peine séduites, imaginent déjà la vie à deux, le mariage, la monogamie. Pas son truc. Exit Su, trop fleur bleue, le voilà désormais qui fréquente Leung, un peu plus affranchie – elle danse dans des night-clubs. Du coup, Su attend en bas de l’appartement de son ancien amant, inconsolable, quand surgit, prêt à la secourir, le policier de proximité qui fait sa ronde dans le Hong-Kong des années 60.;https://fr.web.img6.acsta.net/img/01/c4/01c4a88410acda50fb9b24afda38915a.jpg;1996-03-06;100
8078;;Citizen Kane;Citizen Kane;A la mort du milliardaire Charles Foster Kane, un grand magnat de la presse, Thompson, un reporter, enquête sur sa vie. Les contacts qu'il prend avec ses proches lui font découvrir un personnage gigantesque, mégalomane, égoïste et solitaire.;https://fr.web.img6.acsta.net/medias/nmedia/00/02/56/56/aff.jpg;1946-07-01;119
8083;;Derrière les palmiers;Behind the Palm Trees;A Tanger, Mehdi voit sa relation avec Selma bouleversée lorsqu’il rencontre Marie, une riche Française dont les parents ont acheté une luxueuse villa dans la kasbah. Attiré par sa vie mondaine, il délaisse Selma, feignant d’ignorer que ses choix le rattraperont.;https://fr.web.img6.acsta.net/img/20/76/20766787848eeaed1c91bc181d7574ee.jpg;2026-04-01;100
8086;;Giselle (The Royal Ballet);Royal Ballet and Opera: Giselle;La paysanne Giselle tombe amoureuse d’Albrecht. Lorsqu’elle découvre que c’est un aristocrate fiancé à une autre femme, elle se suicide, désespérée. Son âme rejoint les Wilis, esprits vengeurs de femmes déterminées à forcer tous les hommes qui croisent leur chemin à danser jusqu’à la mort. Rongé par un sentiment de culpabilité, Albrecht se rend sur la tombe de Giselle où il doit affronter les Wilis – ainsi que le fantôme de Giselle.;https://fr.web.img6.acsta.net/img/4b/22/4b221820d47c7307e6be3439bb59bb69.jpg;2026-03-03;161
8091;;Memory of Princess Mumbi;Memory of Princess Mumbi;En 2094, l'aspirant réalisateur Kuve filme un documentaire sur la Grande Guerre des années 2070, qui a effacé les technologies modernes et fait renaître les royaumes. S'attendant au désespoir à Umata, il y trouve des villageois vivant en paix. Il y rencontre l'actrice Mumbi, qui révèle la beauté des moments quotidiens. Le film se déroule à travers d'anciennes séquences tournées par Kuve dans les coulisses, montrant comment les gens trouvent un sens à un monde tragique et comment même les plus petits moments peuvent être d'une profonde beauté.;;;82
8093;;When Nigeria Happens;When Nigeria Happens;Un groupe de danseurs vivent pour leur art tout en défiant les attentes de la société nigérienne.;;;80
8094;;MA – Cry of Silence;MA – Cry of Silence;Durant la guerre civile au Myanmar, Mi-Thet, une jeune femme birmane est employée dans une usine de vêtements à Yangon. Depuis deux mois, les salaires n'ont pas été payés et un groupe d'ouvrières, dirigé par la jeune Nyein-Nyein, s'organise pour revendiquer. Mi-Thet, dont la famille a disparu lors des précédents soulèvements, est réticente, mais finit par se joindre à la grève.;;;74
8095;;La Flûte Enchantée (The Royal Opera);Royal Ballet and Opera: The Magic Flute;La princesse Pamina a été enlevée. Sa mère, la Reine de la Nuit, charge le jeune prince Tamino de porter secours à sa fille. Tamino et son fidèle acolyte, Papageno, se lancent dans l’aventure, mais ils comprennent rapidement que, lorsqu’on part à la recherche de l’amour, les apparences sont parfois trompeuses. Guidés par une flûte enchantée, ils rencontrent des monstres, des bandits, et une mystérieuse confrérie d’hommes – mais, en fait, l’aide arrive au moment où ils s’y attendent le moins.;https://fr.web.img6.acsta.net/img/9c/66/9c66b20caa63432af172c588bebee726.jpg;2026-04-21;210
8096;;Soundtrack to a Coup d'État;Soundtrack to a Coup d'État;"Jazz, politique et décolonisation s’entremêlent dans ce grand huit historique qui révèle un incroyable épisode de la guerre froide. En 1961, la chanteuse Abbey Lincoln et le batteur Max Roach, militants des droits civiques et figures du jazz, interrompent une session du Conseil de sécurité de l’ONU pour protester contre l’assassinat de Patrice Lumumba, Premier ministre du Congo nouvellement indépendant. Dans ce pays en proie à la guerre civile, les sous-sols, riches en uranium, attisent les ingérences occidentales. L’ONU devient alors l’arène d’un bras de fer géopolitique majeur et Louis Armstrong, nommé “Ambassadeur du Jazz"", est envoyé en mission au Congo par les États-Unis, pour détourner l'attention du coup d'État soutenu par la CIA...";https://fr.web.img6.acsta.net/img/10/50/1050d72da7e3ce347971ae8c05a7d886.jpg;2025-10-01;150
8294;;La Libertad;La Libertad;La technique préhispanique du tissage de ceinture fut préservée pendant des siècles par plusieurs nations autochtones de Mésoamérique. Le film noue à son tour les figures et gestes constituant ce labeur, en circulant entre l’espace domestique de la famille Navarro, un musée d’archéologie et une coopérative de tissage.;https://fr.web.img6.acsta.net/img/c6/79/c679152fbfa5d15dc278db003e10d195.jpg;;30
8103;;Welcome to Europe;Welcome to Europe;Cyril, petit-fils de réfugié politique espagnol, décide de s'engager, en mémoire de son grand-père, aux côtés des exilés. Il entame alors un périple de Paris jusqu'aux frontières de l'Europe, à la rencontre de celles et ceux qui ont quitté leur pays, leurs proches, leur vie d'avant. Dans son voyage, il se lie d'amitié avec Yadullah, un jeune Afghan arrivé à Paris en 2022. Croisant récits d'exilés et analyses politiques et scientifiques, « Welcome to Europe » combat les idées reçues et la xénophobie, pour démasquer ce qui se cache derrière la fiction de l'immigration.;https://fr.web.img6.acsta.net/img/97/73/9773eed68a8b61b4e3a3b6a85bea2144.jpg;2026-02-25;120
8104;;Une maille après l'autre;Une maille après l'autre;À Sarajevo, dans l’effervescence d’un atelier de;https://fr.web.img6.acsta.net/img/9f/08/9f08596816cdac87eb1751098730b982.jpg;;67
8108;;Leila et les Loups;Layla wa z-zi'ab;Leila, étudiante libanaise, voyage à travers le temps et l’espace pour réfuter la version coloniale et masculine de l’Histoire présentée par son amoureux Rafic. Son périple commence sous le Mandat Britannique des années vingt et finit dans la Guerre Civile libanaise. Survolant 80 ans d’Histoire, elle procède à l’excavation archéologique de la mémoire collective des femmes palestiniennes et libanaises et révèle leur rôle occulté. Au bout de son voyage elle réalise que le Patriarcat opprime également les hommes.;https://fr.web.img6.acsta.net/img/80/1f/801f586262e3f4c30d2452a3a27c1459.jpg;2025-05-07;90
8110;;De la poussière dans les yeux;De la poussière dans les yeux;Anne Lorrière décide de prendre sa caméra pour filmer ses deux sœurs et leur mère, toutes trois confrontées à une même maladie, la sclérose en plaques. Ce film documentaire devient un espace lumineux d’amour et d’écoute, où chacune cherche sa voie tout en apprenant à accepter celle des autres, jusqu’à la décision intime et ultime de leur mère. De la poussière dans les yeux met en lumière la force des liens familiaux et questionne, avec délicatesse, mais sans détour, le choix de la fin de vie.;https://fr.web.img6.acsta.net/img/e5/f5/e5f5b08fe2307d63c616e596a7d82e0d.jpg;;78
8113;;It’s Never Over, Jeff Buckley;It’s Never Over, Jeff Buckley;It’s Never Over, Jeff Buckley, réalisé par la cinéaste nommée aux Oscars, Amy Berg, retrace la vie de ce jeune prodige à la voix céleste et à l'art audacieux, qui a laissé le monde musical des années 90 sous le choc en mourant brutalement à 30 ans, peu après la sortie de son premier album acclamé par la critique, “Grace”.;https://fr.web.img6.acsta.net/img/9d/ec/9dec00a4d97e3715294cda121bcb6bff.jpg;2026-02-11;110
8126;;Silent Friend;Silent Friend;Dans un jardin botanique, un arbre veille et observe, témoin patient des siècles. En 1908, il suit Grete, qui lutte pour exister dans un milieu qui l’ignore. Dans les années 70, il voit Hannes s’éveiller à l’amour et au monde des plantes. Aujourd’hui, le vieil arbre parle avec Tony dans son langage secret. Autour de lui, certains se cherchent, d’autres se rencontrent. Lui demeure, ami silencieux, dans un temps plus vaste que le leur.;https://fr.web.img6.acsta.net/img/42/05/4205010710cd6378d3ec01f929478794.jpg;2026-04-01;147
8127;;"Soirée ""Déjà demain""";"Soirée ""Déjà demain""";Venez découvrir la diversité du court métrage contemporain, son actualité, les films remarqués et primés en festivals. En septembre, séance de 3 courts métrages suivie d’une rencontre avec les cinéastes Róisín Burns et Idir Serghine.;https://fr.web.img6.acsta.net/img/c2/d4/c2d4c75f2d85a761b25803a1b0bf3757.png;;65
8158;;Pluie de juillet;Iyulskiy dozhd;Léna et Volodia vont se marier mais la jeune fille découvre à temps dans son fiancé un être vil et bas. Après l'avoir quitté elle rencontre Jenia pendant une averse qui balaie tout ce qui était superflu dans sa vie passée.;;;109
8133;;Funny Girl;Funny Girl;Fanny Brice est engagée comme comédienne et chanteuse dans la revue;https://fr.web.img6.acsta.net/medias/nmedia/00/02/37/77/funnygirl.jpg;2025-06-28;145
8134;;Le Sud;El Sur;Dans l'Espagne des années 50, une petite fille, Estrella, est fascinée par son père, un homme plein de mystère.;https://fr.web.img6.acsta.net/img/fc/6d/fc6d49f3011e61a0b9a5b43971d725e9.jpg;1988-01-20;93
8136;;Un été chez grand-père;Dong dong de jiàqi;Leur mère étant gravement malade, des enfants vont passer quelques semaines chez leur grand-père, dans le centre du pays. Un été lumineux, gorgé de soleil et de rires. En apparence seulement, car les jeux et les farces dissimulent des drames insoupçonnés. La mort rôde partout, obsessionnelle, en embuscade dans la pénombre d’une enfance naïvement heureuse et secrètement meurtrie.;https://fr.web.img6.acsta.net/img/bc/95/bc95c39acbb06a2e82b42a96930632f4.jpg;1988-12-14;93
8138;;Déménagement;Ohikkoshi;Ren est une jeune fille dont les parents viennent de divorcer. Son père déménage, et elle doit s’adapter à cette nouvelle vie voulue par les adultes. Révoltée contre le monde des grandes personnes qu’elle interroge avec clairvoyance, elle devra apprendre à grandir et à se réconcilier avec eux au cours d’un cheminement qui l’amènera aux confins de la réalité.;https://fr.web.img6.acsta.net/pictures/23/09/21/17/36/2922065.jpg;2023-10-25;124
8145;;Hunger;Hunger;"Prison de Maze, Irlande du Nord, 1981. Raymond Lohan est surveillant, affecté au sinistre Quartier H, celui des prisonniers politiques de l'IRA qui ont entamé le ""Blanket and No-Wash Protest"" pour témoigner leur colère.";https://fr.web.img6.acsta.net/medias/nmedia/18/66/49/26/18996429.jpg;2008-11-26;100
8146;;Happyend;Happyend;Tokyo, dans un futur proche où plane la menace constante d'un séisme ravageur. Yuta et Kou, deux amis inséparables s’amusent à perturber l’ordre établi de leur lycée. Après un mauvais coup de trop, la direction du lycée déclenche des représailles et met l'établissement sous le contrôle d’une IA de surveillance. Dans un climat de suspicion généralisé, la relation entre les deux amis est mise à l'épreuve : l’un choisit l’indifférence, l’autre la révolte.;https://fr.web.img6.acsta.net/img/66/ab/66abed13cf43ff3cd2fb25715eb77869.jpg;2025-10-01;113
8147;;Résister pour exister;Résister pour exister;Au lendemain du 7 octobre 2023, des Palestiniens en exil fondent Urgence Palestine à Paris. En avril 2025, le gouvernement français menace de dissoudre le collectif alors que l'offensive sur Rafah intensifie le génocide à Gaza. Portrait d'une année de résistance collective.;https://fr.web.img6.acsta.net/img/00/eb/00ebfe547d413b51c8c26dd4555688f6.jpeg;;61
8150;;La Déviante Comédie;La Déviante Comédie;Les répétitions fictives du spectacle invisible : CONANN LA BARBARE. Alors qu'un virus sévit sur terre, Octavia Foss met en scène la comédie musicale macabre CONANN LA BARBARE. Durant les répétitions, les actrices sont contaminées par leurs personnages.;https://fr.web.img6.acsta.net/img/d1/c9/d1c90194ae6e9fec5afaaf053b55770e.jpg;;66
8151;;Siegfried (The Royal Opera);Royal Ballet and Opera: Siegfried;Élevé par un nain sournois et ignorant ses véritables origines, un jeune homme se lance dans un voyage épique. Il se retrouve bientôt face à face avec une épée brisée, un dragon redoutable qui garde un anneau maudit et une Walkyrie plongée, à la suite d’un sort, dans un sommeil profond...;https://fr.web.img6.acsta.net/img/f9/90/f990d8a2ea5e213bd19f85e8124d1c1c.jpg;2026-03-31;330
8153;;The Cost of Growth;The Cost of Growth;Pendant des décennies, on nous a répété que la croissance économique infinie était la seule voie possible. Mais que se passerait-il si cette histoire nous coûtait tout : notre planète, nos démocraties et notre avenir ? The Cost of Growth est un documentaire qui dévoile la violence cachée derrière la machine de la croissance mondiale et qui porte la voix de ceux qui empruntent une autre voie. Tourné pendant deux ans dans différentes régions d'Europe, il rassemble des récits issus des premières lignes de la résistance, des travailleurs italiens qui reprennent possession de leurs usines aux citoyens serbes qui luttent contre l'exploitation du lithium, en passant par le peuple Sami qui défend ses terres. Portée par Anuna De Wever et Lena Hartog, et accompagné par des experts et activistes comme Jason Hickel ou Greta Thunberg, le film challenge nos certitudes, nos croyances et nous questionne : Qu’est-ce que la croissance ? À qui profite-t-elle ? Et quel en est le coût pour l’humanité ?;https://fr.web.img6.acsta.net/img/16/12/161224f2c35dc096393053a05fef2c90.jpg;;93
8154;;Les pieds sur terre;Les pieds sur terre;Cap vers l’Amérique latine ! Comment résoudre la difficile équation de concilier ses rêves d’aventures lointaines avec l’impact environnemental du voyage ? Caroline, Antoine et Tristan partent pour un périple de 15000km, pensant revenir avec un guide du voyageur responsable. Cependant, leur expérience et les experts qu’ils rencontrent en chemin vont bousculer leurs certitudes et les mener dans une tout autre direction…;https://fr.web.img6.acsta.net/img/32/87/3287e15e489b144f2829628f24b52b6e.jpg;;92
8155;;La Ville et les Chiens;La ciudad y los perros;Alberto, un jeune homme passionné de poésie, rentre dans un collège militaire pour y poursuivre ses études secondaires. Dès son arrivée, il se retrouve confronté à un monde régi par la peur et les humiliations que subissent les différents pensionnaires, persécutés par l’impitoyable El Jaguar et son petit groupe. Lorsque l’un des élèves décède mystérieusement, Alberto décide d’en informer ses supérieurs. Mais face à un scandale qui s’annonce inévitable, la hiérarchie s’y oppose afin de préserver la réputation de l’établissement…;https://fr.web.img6.acsta.net/img/58/14/5814cf95543f16db86b0bfa070e08e85.jpg;1990-02-28;135
8156;;Trois vies et une seule mort;Trois vies et une seule mort;Tantôt riche personnage qui aide un jeune couple, professeur en Sorbonne qui devient clochard ou maître d'hôtel, Marcello Mastroianni campe un personnage affecté par le syndrome de la multiplication de la personnalité. Pris dans le tourbillon de ce conte fantastique, Mastroianni vit trois vies et assume trois destins qui ne cesseront de s'entrecouper tout au long du film.;https://fr.web.img6.acsta.net/pictures/753/75310_20130730121933394.jpg;1996-05-15;123
8157;;Turner et Constable;Exhibition on Screen: Turner & Constable;L’incroyable histoire des plus grands paysagistes britanniques et de leur extrême rivalité. Réalisé en collaboration étroite avec la Tate Britain pour célébrer le 250ème anniversaire de leur naissance.;https://fr.web.img6.acsta.net/img/50/39/50393b5c8bbef9512301b14437336f28.jpg;2026-03-10;97
8161;;Paul & Paulette Take a Bath;Paul & Paulette Take a Bath;Paul et Paulette partagent une relation charmante mais singulière, qui s'articule autour d’un jeu funèbre : reconstituer les crimes morbides de naguère sur les lieux de ces drames historiques.;https://fr.web.img6.acsta.net/img/a6/d3/a6d373d72782492a8318155318b32cb2.jpg;;108
8163;;Francesca & Giovanni;Francesca e Giovanni;Sicile, 1979. Francesca Morvillo rencontre le juge Falcone. Elle-même est magistrate et défend les mineurs recrutés par la Mafia, militant pour leur offrir un avenir hors de la pègre. Falcone fait partie d'un pool anti-mafia. Ils sont connus pour leur détermination. Pendant 10 ans, ils œuvrent ensemble pour libérer Palerme de la Cosa Nostra. Jusqu'en 1992, où ils succombent à un attentat... L'histoire d'un grand amour dans une Sicile tourmentée par la Mafia.;https://fr.web.img6.acsta.net/img/21/7b/217b63371930b533e00ca89115b51b34.jpg;2026-06-03;107
8166;;C'est pas la taille qui compte;C'est pas la taille qui compte;Festival de courts-métrages présenté par Sergio Do Vale.;https://fr.web.img6.acsta.net/img/f9/c8/f9c8c9c9297b8b35d56803ca99546208.jpg;;165
8168;;Laura Laune Glory Alleluia - En direct au cinéma;Laura Laune Glory Alleluia - En direct au cinéma;L’ultime spectacle de la tournée triomphale de Laura Laune retransmis EN DIRECT AU CINÉMA. Une noirceur assumée, une écriture incisive, un univers trash et sans limites : la réputation de l’ange de l’humour noir n’est plus à faire. L’artiste repousse les frontières de l’irrévérence avec finesse et second degré dans un seul en scène hilarant, émouvant et très personnel à la fois. Dernière chance de (re)découvrir ce spectacle percutant !;https://fr.web.img6.acsta.net/img/fa/80/fa804b2c68e60695a859e832a2dec10a.jpg;2026-04-19;100
8169;;Eugène Onéguine (Metropolitan Opera);The Metropolitan Opera: Eugene Onegin;Eugène Onéguine accompagne son ami Lenski chez sa fiancée Olga. Tatiana, la sœur de cette dernière, confesse son amour à Onéguine. Mais il la rejette. Lors d’un bal, il s’amuse à flirter avec Olga au point d’attiser la colère de son ami, qui le provoquera en duel.;https://fr.web.img6.acsta.net/img/7b/c1/7bc1a6eaf4e720784d609d68e4698715.jpg;2026-05-02;245
8170;;Il était une fois;Der var engang;La princesse d'Illyrie, parce qu'elle refuse les riches partis qui se présentent à elle et leur préfère un tzigane - qui est en fait le prince du Danemark - va pour conquérir celui qu'elle aime, faire l'apprentissage de la pauvreté et du travail, découvrant par la même occasion les sentiments vrais.;https://fr.web.img6.acsta.net/pictures/14/05/05/12/36/202367.jpg;;75
8177;;Point limite;Fail Safe;La défaillance d'un minuscule transistor provoque l'alarme au Strategic Air Command où sont surveillées les mouvements de tous les avions du monde. Cette défaillance fait croire à l'existence d'un engin non identifié. Une escadrille de bombardiers atomiques est envoyée en direction de Moscou.;https://fr.web.img6.acsta.net/medias/nmedia/18/73/62/10/19209363.jpg;;112
8178;;Millennium Actress;Sennen joyû;Lorsque les prestigieux studios de cinéma Ginei font faillite, une chaîne de télévision commande un documentaire et mandate deux journalistes pour retrouver et interviewer Chiyoko Fujiwara. Celle qui fut une des grandes stars de la Ginei, et qui vit recluse chez elle depuis trente ans, accepte la proposition et se lance dans le récit de sa vie. Adolescente, avant la guerre, elle croise la route d’un jeune dissident politique qui essaie d’échapper à la police. Ce dernier lui confie une clef avant qu’elle ne l’aide à s’enfuir en train et qu’il disparaisse brutalement de sa vie. Amoureuse éperdue, elle décide de devenir actrice de cinéma dans l’espoir que le fugitif la reconnaisse un jour sur un écran et qu’il la retrouve...;https://fr.web.img6.acsta.net/pictures/19/11/29/09/42/5443681.jpg;2019-12-18;88
8181;;Signes de vie;Lebenszeichen;Blessé au front, Stroszek, un jeune soldat allemand, est affecté sur une île à la garde d'un fort. Eloigné des combats, réduit à l'inaction, le conscrit s'astreint à effectuer des tâches inutiles mais nécessaires à son équilibre mental. Bientôt son comportement inquiète les îliens.;https://fr.web.img6.acsta.net/img/12/18/12183bfcdb2708707e89dd448ef98890.jpg;2026-04-22;90
8183;;Les Cloches des profondeurs;Glocken aus der Tiefe - Glaube und Aberglaube in Rußland;Une étude visuelle des croyants et des charlatans religieux en Sibérie après la dissolution de l’Union soviétique.;https://fr.web.img6.acsta.net/img/12/18/12183bfcdb2708707e89dd448ef98890.jpg;2026-04-22;63
8184;;Au Pays du silence et de l’obscurité;Land des Schweigens und der Dunkelheit;Comment pénétrer dans le pays du silence et de l'obscurité, de ceux qui sont prives des sens majeurs que sont l'ouïe et la vue?;https://fr.web.img6.acsta.net/img/12/18/12183bfcdb2708707e89dd448ef98890.jpg;1980-03-19;85
8188;;The Killer;Dip huet seung hung;Jeff est un tueur professionnel. Lors de l'exécution d'un contrat, il blesse accidentellement aux yeux une jeune chanteuse, Jenny. Rongé par le remords, il accepte d'éliminer un parrain des Triades afin de réunir la somme nécessaire à la transplantation de cornée dont Jenny a besoin. L'affaire tourne mal et Jeff se retrouve à la fois poursuivi par ses employeurs et par un policier acharné, l'inspecteur Li.;https://fr.web.img6.acsta.net/img/85/98/85982f0498bdea08fe40589c52e0565e.jpg;1995-05-03;110
8189;;Le Syndicat du crime 3;Ying hung boon sik III jik yeung ji gor;Entre le Vietnam et Hong-Kong, c'est la guerre. La seule façon de s'en sortir est de devenir un trafiquant. Mark Cheung, jeune habitant hongkongais venu à Saïgon chercher son cousin Mun et son oncle s'en rend compte trop tard, et cherche à s'en sortir en s'unissant à Chow Kit, une trafiquante. Malheureusement, tout tourne mal...;https://fr.web.img6.acsta.net/img/ef/7a/ef7af81ced806f053b96b9aea95bfc30.jpg;1999-07-26;119
8191;;La Scandaleuse de Berlin;A Foreign Affair;La très austère Phoebe Frost est envoyée à Berlin en 1946 pour enquêter sur la moralité des troupes américaines d'occupation. Elle ne découvre que marché noir et relations amoureuses entre soldats et jeunes Allemandes. Pis, une chanteuse de cabaret, au passé nazi, est protégée par un officier américain, celui-là même qu'elle avait chargé de l'enquête au départ...;https://fr.web.img6.acsta.net/medias/nmedia/18/65/31/28/20274084.jpg;2026-02-17;116
8192;;Nostalghia;Nostalghia;Andrei est accompagné par une interprète d'une grande beauté, Eugenia. Il pourrait vivre avec elle une grande histoire d'amour, mais le souvenir de sa femme le hante. Il rencontre Domenico, un fou qui prêche la paix et lui demande d'accomplir un petit geste, afin de sauver, du moins le prétend-il, le monde…;https://fr.web.img6.acsta.net/pictures/17/09/18/14/56/4789631.jpg;;126
8193;;Soy Cuba;Soy Cuba;A travers quatre histoires qui renforcent l'idéal communiste face à la mainmise du capitalisme,;https://fr.web.img6.acsta.net/pictures/20/10/27/17/59/5473343.jpg;2003-07-16;141
8195;;Journal d'un curé de campagne;Journal d'un curé de campagne;Un jeune prêtre que brûle la passion de son apostolat et que ronge, à son insu, la maladie, s'installe dans sa première cure, à Ambricourt, un petit village du Nord de la France. D'emblée, ses paroissiens ne lui manifestent qu'indifférence. Pensant trouver un meilleur accueil au château, il doit bientôt déchanter. Le comte a une liaison avec l'institutrice, et la comtesse vit recluse, révoltée contre Dieu depuis la mort en bas âge d'un de ses enfants. Par jalousie, Chantal, leur fille, pousse le prêtre à intervenir auprès de sa mère. En suivant ce conseil dont il ignore la perversité, le saint homme provoque maints désordres qui aggravent encore son isolement et accroissent ses tourments. Le curé de Torcy, un village voisin, tente de le réconforter...;https://fr.web.img6.acsta.net/pictures/18/06/14/16/04/1089159.jpg;2026-05-04;117
8196;;L'important c'est d'aimer;L'important c'est d'aimer;Un jeune photographe reporter Servais Mont rencontre sur un plateau de tournage Nadine Chevalier, une actrice ratée contrainte, pour survivre, de tourner dans des films pornographiques. Immédiatement séduit, Servais Mont se rend chez elle pour faire une série de photos. La jeune femme est mariée à Jacques, un être fragile, à la fois drôle et amer, qui fuit les réalités de la vie. Très attirés l'un vers l'autre, Nadine et Servais se revoient. Ce dernier décide d'aider Nadine à son insu. Il veut commanditer une pièce de théâtre dans laquelle elle aura enfin un rôle digne de son talent...;https://fr.web.img6.acsta.net/medias/nmedia/18/64/69/68/20160239.jpg;2026-04-26;109
8198;;Notre pain quotidien;Our Daily Bread;En 1929, alors que les États-Unis traversent une crise économique historique, John et Mary, dont la situation financière est critique, se voient proposer de reprendre une petite ferme hypothéquée. Ils acceptent mais l'ampleur de la tâche est telle qu'ils décident de s'organiser en coopérative. De tout le pays, des victimes de la crise affluent. Commence alors une incroyable aventure collective...;https://fr.web.img6.acsta.net/pictures/17/08/17/16/54/520331.jpg;;74
8199;;Avanti!;Avanti!;"La partie de golf de Wendell Armbruster Jr., P.D.G. de 37 sociétés, est brutalement interrompue par la mort de son père survenue en Italie. Wendell saute dans l'avion et apprend que l'auteur de ses jours fréquentait une certaine Mrs Piggott alors qu'il était censé suivre une cure de bains de boue. De plus, il affronte Pamela, romantique et donc digne fille de Mrs Piggot qu'il se met illico à détester et qu'il surnomme ""grosses fesses"". Mais très vite, d'autres rapports s'installent entre eux...";https://fr.web.img6.acsta.net/medias/nmedia/18/35/09/60/affiche.jpg;2023-04-24;144
8200;; Before the Bright Day;Nan Fang Shi Guang;Chou, un adolescent sensible en quête d’indépendance, traverse une période difficile lorsque la crise du détroit de Taïwan de 1996 frappe les finances de sa famille et aggrave les tensions à la maison. En secret, il travaille dans une salle de billard, où il se lie d’amitié avec Button, un chef de gang.;;;113
8201;;Sauve qui peut (la vie);Sauve qui peut (la vie);Denise Rimbaud abandonne son mari, son travail et la ville pour aller vivre à la campagne. Paul Godard, producteur d'émissions de télévision, a peur de quitter la ville, peur de la solitude depuis le départ de Denise. Isabelle a quitté sa campagne pour venir se prostituer en ville. L'imaginaire, la peur et le commerce sont, à travers le trajet de ces personnages, les trois mouvements du film qui se terminera par celui de la musique.;https://fr.web.img6.acsta.net/pictures/15/10/15/14/59/363270.jpg;2023-04-12;90
8295;;La Feuille sacrée;La hoja sagrada;En Colombie, des indigènes guambianos évoquent l’utilisation traditionnelle de la coca et du pavot et l’instrumentalisation de ces plantes par les « gringos » à des fins de narcotrafic. L’emploi d’herbicides hautement toxiques pour détruire les cultures illicites apparaît comme une nouvelle tentative d’anéantir leur peuple.;https://fr.web.img6.acsta.net/img/f3/b8/f3b8867f7ea1e8c7f2da99d6977f2d14.jpg;;53
8204;;Husbands;Husbands;Trois quadragénaires, heureux maris et pères, apprennent la mort de leur quatrième ami. Cette disparition va les confronter à une sorte de crise d'identité, une remise en question de leur vie entière. Ils décident de se retrouver pour une fugue de quelques jours à Londres.;https://fr.web.img6.acsta.net/pictures/24/01/11/09/02/1881390.jpg;1972-03-17;122
8206;;Mouchette;Mouchette;Mouchette, au seuil de l'adolescence, vit dans une campagne misérable. Elle est témoin d'une dispute entre le garde-champêtre et un braconnier. Un peu plus tard dans la nuit, le braconnier la viole.;https://fr.web.img6.acsta.net/pictures/16/09/08/16/41/492619.jpg;;81
8209;;A travers le miroir;Såsom i en spegel;Des tensions très vives se font sentir lors d'une réunion de famille. David, écrivain rate, voit sa fille Karin atteinte de délires de plus en plus prononces. La jeune femme qui ne trouve aucun réconfort près de son mari se rapproche de son jeune frère Frederick.;https://fr.web.img6.acsta.net/pictures/18/09/21/14/11/5354131.jpg;;89
8210;;Une Femme douce;Une Femme douce;Un homme retrouve le corps sans vie de sa femme, elle vient de mettre fin à ses jours. Sous le choc, il reste alors auprès d'elle et se remémore leur vie ensemble, depuis le moment de leur rencontre, afin de tenter de découvrir ce qui l'aurait poussé à comettre cet acte terrible...;https://fr.web.img6.acsta.net/medias/nmedia/18/79/15/35/19491504.jpg;;88
8211;;Le Sacrifice;Offret;Le soir où il réunit quelques amis pour fêter son anniversaire, Alexandre apprend qu’une catastrophe nucléaire mondiale est survenue. La fin du monde est proche. Alors le vieil écrivain se met à prier, et promet à Dieu de ne plus parler si tout redevient comme avant. Voilà donc son sacrifice : l’abandon de tout discours, de toute glose superflue pour retrouver l’essentiel, la vie.;https://fr.web.img6.acsta.net/pictures/18/05/17/16/02/4274360.jpg;;149
8213;;Un Condamné à mort s'est échappé;Un Condamné à mort s'est échappé;Conduit en 1943 au fort de Montluc pour y être exécuté par les Allemands, le lieutenant Fontaine parvient à s'échapper en compagnie d'un autre prisonnier, Jost.;https://fr.web.img6.acsta.net/pictures/18/08/21/18/40/0858104.jpg;;99
8214;;Possession;Possession;Rentrant d'un long voyage, Marc retrouve à Berlin sa femme Anna et son fils, Bob. Mais rapidement, il se rend compte que le comportement de sa femme a changé. Prise de violentes crises, elle quitte le domicile. L'amie du couple, Annie, révèle à Marc le nom de l'amant d'Anna, Heinrich. Lorsqu'elle disparaît, Marc engage un détective qui découvre bientôt qu'Anna s'est réfugiée dans une étrange demeure où semble se cacher une créature surgie des ténèbres...;https://fr.web.img6.acsta.net/pictures/21/05/28/14/49/1042388.jpg;1981-05-27;122
8215;;En vitesse;Speedy;Harold Swift, surnommé Speedy, vit de petits boulots à New York. Il tombe amoureux de la fille du propriétaire de la ligne de tramway. Un jour, le tramway est détourné et Harold se lance à sa poursuite.;https://fr.web.img6.acsta.net/img/c3/15/c31567e041f32ea9e1499feab3c77aa1.jpg;;86
8216;;Vive le sport !;The Freshman;Harold Lamb est la risée du collège. Une victoire inattendue au match de foot va lui permettre de changer sa réputation.;https://fr.web.img6.acsta.net/img/61/94/6194c3aae0ebbdb303edb57275942be0.jpg;1925-12-16;76
8217;;Le Petit frère;The Kid Brother;Harold, dernier des trois fils du shérif Hickory, va sauver malgré lui son père, accusé à tort de détournement d'argent, en poursuivant les deux voleurs.;https://fr.web.img6.acsta.net/img/2e/d9/2ed9a55ea39b02cf463bf48142159525.jpg;;84
8218;;Permanent Vacation;Permanent Vacation;Deux jours et demi de la vie d’Aloysious Parker, dit Allie, jeune vagabond à la dérive dans un New York délabré, rencontrant d’autres personnes qui, comme lui, vivent aux frontières d’un monde qu’ils ne savent comment habiter.;https://fr.web.img6.acsta.net/medias/nmedia/18/67/30/60/19205203.jpg;1984-04-25;75
8219;;To Be or not to Be;To Be or not to Be;Durant la Deuxième Guerre mondiale, entre Varsovie et Londres, une troupe de comédiens parvient à déjouer un plan de la Gestapo...;https://fr.web.img6.acsta.net/pictures/23/02/21/15/56/4548864.jpg;1947-05-21;99
8220;;Carmen de Kawachi;Kawachi Karumen;Convoitée par les hommes, Tsuyuko quitte son village pour Osaka, où elle devient hôtesse dans un cabaret. Confrontée à de nouvelles désillusions, elle affirme peu à peu son indépendance et sa force de caractère.;https://fr.web.img6.acsta.net/img/a5/81/a58127067977c6f0908b42be020578f2.jpg;2026-03-11;89
8221;;Les Fleurs et les vagues;Hana To Doto;Un jeune Yakusa épris de la fille qui doit épouser le chef de son gang, kidnappe la promise et s'enfuit avec elle. A Tokyo, il se cache sous l'identité d'un ouvrier, tandis que la jeune femme devient serveuse du restaurant...;https://fr.web.img6.acsta.net/img/09/c9/09c9ef5aafa90d74d98d94312de5a9f2.jpg;;91
8223;;Le Gruffalo;The Gruffalo;Une petite souris se promène dans un bois très sombre. Elle rencontre un renard, un hibou et un serpent qui la trouvent bien appétissante et l’invitent chacun leur tour à déjeuner dans leur demeure. Mais la petite souris, très maligne, prétexte un rendez-vous avec… un Gruffalo !;https://fr.web.img6.acsta.net/medias/nmedia/18/85/52/25/19793309.jpg;2011-10-19;45
8224;;A la découverte du monde;A la découverte du monde;Programme de courts métrages d'animation. Tous les petits doivent un jour apprendre à voler de leurs propres ailes. Quelle aventure de quitter le nid pour se laisser guider par sa curiosité, se faire des amis différents ou encore affronter les éléments ! Lorsque la peur de l'inconnu laisse place à l'exaltation de la découverte, plus rien ne nous arrête !;https://fr.web.img6.acsta.net/pictures/17/08/10/15/08/560118.jpg;2017-09-06;40
8225;;L'Ange exterminateur;El Ángel exterminador;Edmundo et Lucia de Nobile, un couple bourgeois de Mexico, donnent une réception après l'opéra dans leur luxueuse demeure. Quelques faits bizarres se produisent alors : des domestiques partent sans expliquer leur comportement, les invités connaissent une impression de déjà vu, Ana retire de son sac deux pattes de poulet alors que Blanca joue au piano une sonate de Paradisi.;https://fr.web.img6.acsta.net/medias/nmedia/18/66/10/74/19097870.jpg;2021-10-07;95
8229;;Salé sucré;Yin shi nan nu;M. Chu est le plus grand chef cuisinier de Taipei. Veuf depuis seize ans, il élève seul ses trois filles : Jen, professeur de chimie à la religiosité exacerbée, Kien, séduisante businesswoman qui rêve de prendre son indépendance, et Ning, jeune étudiante qui travaille dans un fast-food. La vie de la famille Chu est réglée par ces rituels immuables que sont les repas, préparés avec une minutie extrême par le père. Renfermé et peu loquace, la cuisine est pour lui la seule façon de communiquer…;https://fr.web.img6.acsta.net/pictures/15/11/19/15/25/588924.jpg;;124
8230;;L'Exorciste;The Exorcist;L'actrice Chris McNeil est inquiète au sujet de sa fillette Regan : après que l'on ait entendu des bruits curieux venant de sa chambre, la petite a changé, proférant de constantes insanités. Une force para-normale l'habite, qui coûte la vie au metteur en scène de Chris. Désespérée, cette dernière fait appel à deux exorcistes...;https://fr.web.img6.acsta.net/medias/nmedia/18/65/19/82/18835952.jpg;1974-09-11;121
8231;;Le Portrait de Dorian Gray;The Picture of Dorian Gray;A Londres, en 1866, Basil Hallward peint le portrait d'un séduisant jeune homme, Dorian Gray. Ce dernier s'amourache de Sybil Vane, une chanteuse de cabaret, mais les conventions rigides de son milieu le font rompre et elle se suicide. En rentrant chez lui, il trouve que son portrait a une expression plus dure, presque cruelle.;https://fr.web.img6.acsta.net/pictures/15/09/21/11/12/322366.jpg;;111
8232;;Taipei Story;Taipei story;"Lung et Chin se connaissent depuis de nombreuses années. Lui est un ancien joueur de base-ball sans véritable ambition professionnelle ; elle a un poste de secrétaire au sein d’un grand cabinet d’architectes. Le sentiment qu’ils éprouvent l’un pour l’autre est un mélange d’amour et d’affection profonde, aux contours flous. Mais le licenciement brutal de Chin va bientôt fissurer leur couple et compromettre leur projet de vie commune…";https://fr.web.img6.acsta.net/pictures/17/03/20/11/11/590859.jpg;;119
8311;;Film Program;Film Program;;;;0
8234;;As Tears Go By - Ainsi vont les larmes;Wong gok ka moon;Petit gangster de Hong-Kong, Wah se partage entre son boulot habituel, le recouvrement de dettes, et la nécessité de protéger son acolyte, Fly, à la conduite problématique : celui-ci ne cesse d’emprunter de l’argent qu’il ne peut jamais rembourser. Mais cette vie, déjà̀ passablement déréglée, est bouleversée quand Wah doit héberger sa jolie cousine, Ngor, qui vit loin de la ville, sur l’île de Lantau. Wah entame alors un épuisant va-et-vient entre son amour naissant pour Ngor, mirage d’une vie paisible, et sa fidélité́ à son «frère» de gang, Fly, tabassé à répétition par les hommes de main d’un autre gangster, Tony. Wah devra choisir sa destinée.;https://fr.web.img6.acsta.net/img/01/c4/01c4a88410acda50fb9b24afda38915a.jpg;1989-05-14;102
8236;;Quelques notes sur la liberté;Quelques notes sur la liberté;Dans un décor débarrassé de tout artifice de scène, le compositeur et interprète multi-instrumentiste Michel Portal joue seul. Il nous fait entrer dans le laboratoire où s’élabore sa musique, il écoute, réécoute, écrit, joue et parle pour nous dans sa seule langue : la musique.;https://fr.web.img6.acsta.net/img/d2/9a/d29afdf73bac6ffa560f711659472a70.jpg;;54
8312;;Arrebato;Arrebato;Un réalisateur de film d'horreur de troisième zone en panne de créativité, une actrice héroïnomane qui a joué dans ses derniers nanars et un mec vaguement autiste qui capte sa vie quotidienne en Super-8 dans le but de réaliser un chef d'oeuvre ultime... Une réflexion sur le rapport morbide à la cinéphilie et plus généralement à l'image.;https://fr.web.img6.acsta.net/pictures/21/09/16/10/36/1015414.jpg;;105
8242;;Les Puritains (Metropolitan Opera);The Metropolitan Opera: I Puritani;Lord Walton, partisan de Cromwell, accorde la main de sa fille Elvira à Arturo Talbot, partisan des Stuart, au grand dam de Sir Riccardo Forth qui lui était initialement destiné. Malgré son amour pour Elvira, Talbot prend le risque de libérer la Reine Henriette, veuve du dernier roi de la dynastie des Stuart, maintenue prisonnière de la forteresse gardée par Lord Walton.;https://fr.web.img6.acsta.net/img/1f/47/1f47953ea5826573c05e9953cd260485.jpg;2026-01-10;227
8281;;The World of Love;The World of Love;Joo-in est une lycéenne espiègle et appréciée de tous. Un jour, un camarade de classe lance une pétition que tous les élèves signent, sauf elle. Son monde, en apparence paisible et insouciant, dissimule un passé douloureux auquel Joo-in est alors contrainte de faire face. Mais loin de se laisser enfermer, elle choisit d’avancer et de se réinventer.;https://fr.web.img6.acsta.net/img/24/aa/24aae1d7eec39d1197e852f02703ecb7.jpg;2026-05-06;119
8249;;La Famille Homolka;Ecce Homo Homolka;C’est un beau dimanche ensoleillé, dans une forêt en banlieue de Prague. Un jeune couple batifole en pleine nature tandis que la famille Homolka toute entière, des grands-parents aux petits enfants, s’installe au bord d’un ruisseau. Les jumeaux jouent, leur mère, qui rêvait d’être ballerine, danse entre les arbres tandis que les bières flottent bien au frais... et que les grands parents font la sieste. Hélas, retour à la maison inattendu et précipité, mais le pire est encore à venir : la télé est cassée. C’était une journée idyllique jusqu’à ce qu’elle vire à l’orage... Voire au cataclysme familial !;https://fr.web.img6.acsta.net/img/16/d3/16d337bd0cc9704bff4ea8d84ac643df.jpg;2026-02-25;80
8251;;Totally F***ed Up;Totally F***ed Up;Le quotidien d'un groupe d'adolescents homosexuels à Los Angeles, entre ennui, rage, expérimentations sexuelles et peur du sida.;https://fr.web.img6.acsta.net/img/19/6b/196b644ee017b63a20fb3e9ea0280747.jpg;2025-09-17;78
8252;;Nowhere Near;Nowhere Near;;;;95
8257;;Punishment Park;Punishment Park;"Fable politique inspirée par l'application du McCarren Act, une loi d'exception votée en 1970 à la faveur d'une aggravation du conflit au Nord-Vietnam, autorisant à placer en détention ""toute personne susceptible de porter atteinte à la sécurité intérieure"". Dans une zone désertique du sud de la Californie, un groupe de condamnés est amené, contre la promesse de leur libération, à traverser le désert à pied, sans eau ni nourriture, pour atteindre le drapeau américain sans être capturés par les forces spéciales armées et motorisées lancées à leur poursuite.";https://fr.web.img6.acsta.net/medias/nmedia/18/35/95/50/18779744.jpg;2007-07-04;88
8258;;Changement de destinée;Peremena uchasti;Une femme du monde tue son amant. Elle cherche à présenter ce crime comme un acte de légitime défense et cache ses relations réelles avec la victime, aussi bien à son mari qu’à son avocat. Celui-ci, au cours de l’enquête, scrute attentivement les circonstances de la tragédie…;https://fr.web.img6.acsta.net/pictures/19/08/13/10/14/4603040.jpg;;109
8259;;L'Argent raconte aux enfants et a leurs parents;L'Argent raconte aux enfants et a leurs parents;L’argent raconté aux enfants et à leurs parents scrute la métallique maigreur d’une pièce avec pudeur et humour et raconte – par bribes – l’histoire d’une famille ouvrière incapable de conjuguer besoins et désirs. De père en fils. Cela inquiète évidemment le fils (l’auteur du film), bientôt père à son tour.;;;53
8262;;Le Château Solitaire dans le Miroir;Kagami no Kojou;Un beau jour, le miroir dans la chambre de Kokoro se met à scintiller. À peine la jeune fille l’a-t-elle effleuré qu’elle se retrouve dans un formidable château digne d’un conte de fées. Là, une mystérieuse fillette affublée d’un masque de loup lui soumet un défi. Elle a un an pour l’accomplir et ainsi réaliser un souhait. Seulement Kokoro n’est pas seule : six autres adolescents ont le même objectif qu’elle.;https://fr.web.img6.acsta.net/pictures/23/07/27/11/52/5879491.jpg;2023-09-06;116
8263;;The Offence;The Offence;L'inspecteur Johnson officie dans la police britannique depuis plus de vingt ans. Tous les meurtres et autres enquêtes dont il s'est occupé l'ont profondément marqué. Cette douleur intérieure qu'il a gardée en lui durant toutes ces années resurgit au grand jour lorsqu'il met la main sur Baxter dont il est persuadé qu'il est l'auteur d'une série d'agressions sur des petites filles...;https://fr.web.img6.acsta.net/medias/nmedia/18/64/35/22/18772048.jpg;2007-09-12;116
8265;;L'Ourse et l'oiseau;L'Ourse et l'oiseau;Quatre ours, quatre contes, quatre saisons : qu’ils soient immenses, ensommeillés ou gourmands, les ours savent aussi être tendres. À leurs côtés, un oisillon malicieux, un petit lapin friand de noisettes ou encore un oiseau sentimental vivent des aventures extraordinaires. Tout doucement, ils découvrent le bonheur d’être ensemble.;https://fr.web.img6.acsta.net/img/af/46/af46510d2d819c30b064e68efa6e5233.jpg;2026-02-18;41
8267;;La Grande rêvasion;La Grande rêvasion;Un programme où l’imagination donne des ailes !;https://fr.web.img6.acsta.net/img/de/c0/dec0a9439dda983e4fab8fe508f525e0.jpg;2026-01-28;45
8271;;Que Ton Règne Vienne - Une histoire du satanisme en France;Que Ton Règne Vienne - Une histoire du satanisme en France;Pour combattre l’angoisse qui le hante jour et nuit, un jeune musicien décide d’explorer sa part d'ombre. Une quête initiatique qui va le mener sur les traces du satanisme en France, des légendes d’hier aux messes noires d’aujourd’hui.;https://fr.web.img6.acsta.net/img/ed/66/ed660def72f4083581133fe4a31e95d4.jpg;;90
8275;;Le Quatuor à cornes;Le Quatuor à cornes;Aglaé la pipelette, Rosine la tête en l’air, Clarisse la peureuse et Marguerite la coquette ne se contentent pas de regarder passer les trains. Ce petit troupeau de vaches vous entraine dans leurs aventures à travers ce programme de 3 courts meuhtrages plein de tendresse et d’humour !;https://fr.web.img6.acsta.net/pictures/18/07/23/16/02/2537326.jpg;2018-09-12;43
8276;;Le Quatuor à cornes Là-haut sur la montagne;Le Quatuor à cornes Là-haut sur la montagne;Programme de 3 courts métrages d’animation.;https://fr.web.img6.acsta.net/pictures/20/09/22/12/59/4207297.jpg;2021-11-17;42
8283;;Chronique d'un été;Chronique d'un été;Paris, été 1960, Edgar Morin et Jean Rouch interviewent des parisiens sur la façon dont ils se débrouillent avec la vie. Première question : êtes-vous heureux ? Les thèmes abordés sont variés : l'amour, le travail, les loisirs, la culture, le racisme etc. Le film est également un questionnement sur le cinéma documentaire : cinéma-vérité et cinéma-mensonge. Quel personnage jouons-nous devant une caméra et dans la vie ?;https://fr.web.img6.acsta.net/medias/nmedia/18/84/81/12/19759416.jpg;;85
8284;;Soraya, l’amour n'est pas l’oubli;Soraya, amor no es olvido;En Colombie, Soraya Palacios, mère de six enfants, a fui sa terre natale après l’assassinat de son mari par des paramilitaires. Dans le camp de réfugiés de Turbo, elle fait partie d’un groupe de veuves qui s’organise pour préserver une histoire commune et revendiquer le droit à réparation.;https://fr.web.img6.acsta.net/img/a8/ef/a8ef213e26944af8a689997dafc96c35.jpg;;53
8285;;Notre voix de terre, mémoire et avenir;Nuestra voz de tierra, memoria y futuro;Épousant le point de vue des peuples réunis au sein du Conseil régional indigène du Cauca, en Colombie, ce film documente la lutte pour la réappropriation de leur histoire et de leurs terres. Le cinéma permet de donner corps aux rumeurs qui circulent : les « gringos » auraient pactisé avec le diable.;https://fr.web.img6.acsta.net/img/76/c0/76c01f7e0c63c5c587c8ba674c45b8af.jpg;;110
8286;;L’Occupation de l’an 2000;La toma del milenio;Des populations paysannes, indigènes et afrodescendantes spoliées de leurs terres par la violence arrivent à Bogotá, en Colombie. Chaque jour, elles se rassemblent sur la Plaza de Bolívar pour tâcher de se faire entendre. Au sein des familles installées dans des logements de fortune, le réconfort qu’apporte la solidarité chasse par moments la tentation du désespoir.;https://fr.web.img6.acsta.net/img/92/91/9291fc9263285e27bf44bd6ebc4b536c.jpg;;50
8288;;Cahiers de Medellin;Cahiers de Medellin;Dans une école de Medellín, en Colombie, un professeur demande à des adolescents de mettre par écrit leur propre histoire. La violence qui a conduit leurs familles à quitter la campagne ne les épargne pas non plus à la ville. Un film qui partage le regard profondément humaniste de Marta Rodríguez, tout en offrant une autre perspective sur le sort des populations déplacées.;https://fr.web.img6.acsta.net/img/9c/57/9c5757b5767f3f24d4facf64b9c23a47.jpg;;75
8289;;Le Sang du condor;Yawar Malku;;https://fr.web.img6.acsta.net/pictures/15/04/30/13/44/564368.jpg;;80
8290;;Amour, femmes et fleurs;Amor, mujeres y flores;Pendant cinq ans, Marta Rodríguez et Jorge Silva ont épousé le quotidien d’employées de l’industrie floricole dans la savane de Bogotá, en Colombie, révélant l’usage de pesticides dont l’entreprise choisit d’ignorer la haute toxicité. Cette tragédie n’empêche pas l’amour de fleurir, ni les ouvrières de s’organiser pour tenter de reprendre leur destin en main.;https://fr.web.img6.acsta.net/img/cc/80/cc80aa80297a69bb0e6c7c0291adb850.jpg;;56
8291;;La Valeur de la parole;El valor de la palabra;Avant d’être assassiné par l’armée en 1990, Napoleón Torres dit un jour à son fils : « Étudier à l’école d’État ne te servira qu’à une chose : apprendre à exprimer tes revendications. » À travers l’évocation de ce leader par la communauté arhuaca, en Colombie, le film pose la transmission comme un acte de résistance.;https://fr.web.img6.acsta.net/img/54/39/543938de2b15f3ad6d387286f7668e3d.jpg;;80
8293;;Camilo Torres Restrepo, l’amour efficace;Camilo Torres Restrepo, el amor eficaz;La cinéaste Marta Rodríguez fut marquée par sa rencontre avec Camilo Torres Restrepo, prêtre et révolutionnaire auprès duquel elle étudia la sociologie et découvrit les conditions de vie dans les chircales, point de départ de son premier film. Elle engage une conversation imaginaire avec lui pour mieux penser l’histoire de la Colombie depuis sa mort en 1966.;https://fr.web.img6.acsta.net/img/47/00/4700f100c12cd7a7536c5c3dc2a0407b.jpg;;71
8298;;Planas, témoignage d’un ethnocide;Planas, testimonio de un etnocidio;Dans les régions du Casanare et du Meta, en Colombie, récit de la prise de conscience d’indigènes guahibos plongé·es dans la misère par ceux qui ont confisqué leurs terres. La fondation d’une coopérative agricole apparaît comme une stratégie de résistance.;https://fr.web.img6.acsta.net/img/d2/e1/d2e1aed56de13355a4a1e7bad821c82d.jpg;;37
8299;;Paysans;Campesinos;Des indigènes du Cauca, en Colombie, retracent leur histoire récente et racontent l’usage de la religion et de la répression par les latifundistes pour les réduire en esclavage.;https://fr.web.img6.acsta.net/img/eb/4d/eb4dc23e03ae12ff42c8bf5f315d98b4.jpg;;49
8300;;Chircales;Chircales;Plongée dans le quotidien d’une famille dont la survie repose sur la fabrication artisanale de briques à la périphérie de Bogotá. Un classique du cinéma latino-américain, qui pousse à ouvrir les yeux sur la réalité de l’exploitation économique.;https://fr.web.img6.acsta.net/img/cb/c8/cbc8b9f8bd44741032d1c69fbe47d5da.jpg;;43
8302;;Le Labyrinthe des passions;Laberinto de pasiones;"Autour d'un couple ""destroy"", évocations de plusieurs histoires d'amours passionnées qui ne se terminent jamais vraiment mal.";https://fr.web.img6.acsta.net/medias/nmedia/18/36/10/15/18452804.jpg;1991-03-20;100
8305;;Pepi, Luci, Bom et les autres filles du quartier;Pepi, Luci, Bom y otras chicas del montón;Pepi qui cultive de la marijuanna dans des pots sur son balcon est découverte par un flic qui la fait chanter, la viole et la déflore. Pour se venger Pepi decide de seduire Luci, la femme du policier, femme au foyer dévouée et soumise. Premier long-métrage de;https://fr.web.img6.acsta.net/pictures/19/05/28/10/12/2079427.jpg;1990-10-31;78
8308;;Dans les ténèbres;Entre Tinieblas;Yolanda Bell, jeune chanteuse de boléro, se réfugie dans le couvent des Rédemptrices humiliées après la mort de son ami Jorge par overdose d’héroïne. Elle est accueillie avec joie et la mère supérieure lui avoue son admiration pour son art. Peu à peu s’établissent entre la pècheresse et son sauveur les mêmes relations autodestructrices que Yolanda entretenait avec son ami.;https://fr.web.img6.acsta.net/pictures/19/05/28/10/08/3653782.jpg;1988-11-23;108
8309;;Junk World;Junk World;Dans un futur lointain, une équipe d’humains, clones et cyborgs explore un empire robotique souterrain, mais tombe dans une embuscade de cyborgs rebelles. Un voyage dans le temps et les dimensions plus de mille ans avant JUNKHEAD.;https://fr.web.img6.acsta.net/img/d0/86/d086ec82d65efe8dba00f2624ca4d8ee.jpg;2026-05-13;105
8344;;They Will Kill You;They Will Kill You;Dans THEY WILL KILL YOU, une jeune femme doit survivre toute une nuit au Virgil, le repaire mystérieux d’une secte démoniaque qui se révèle rapidement être un piège mortel. Les adeptes, eux, comptent bien faire de la malheureuse leur prochaine offrande… Une comédie d’horreur et d’action explosive.;https://fr.web.img6.acsta.net/img/1e/8e/1e8eebfe97fc275876bfa85ccd212440.jpg;2026-03-25;95
8321;;Le Tigre qui s'invita pour le thé;Le Tigre qui s'invita pour le thé;Que feriez-vous si un tigre géant frappait à votre porte un après-midi, pour manger votre goûter, dévorer le dîner qui mijote et engloutir tout ce qui se trouve dans vos placards ? Ce délicieux conte, adapté du flamboyant album de Judith Kerr, est précédé de trois courts-métrages qui vous mettront en appétit… de tigre ! Un programme de 4 courts métrages.;https://fr.web.img6.acsta.net/pictures/22/06/10/14/49/1358736.jpg;2022-09-14;40
8322;;La Ronde;La Ronde;Chaque jour, à la tombée de la nuit, Yukio Shige arpente jumelles en mains le sentier de la côte de basalte de Tojinbo accueillant de nombreux voyageurs attirés par le spectacle des falaises volcaniques et d’autres visiteurs qui viennent y finir leurs jours lorsque le désespoir est trop fort.;https://fr.web.img6.acsta.net/img/97/41/974122d4967cb0381d844076262ed0b4.png;;54
8326;;La Fiancée de Frankenstein;The Bride of Frankenstein;Le Dr Frankenstein et sa créature ont survécu. Un savant fou, le Dr Pretorius, kidnappe la femme du Dr Frankenstein, et l'oblige à tenter de nouveau l'horrible expérience, dans le but cette fois de créer un monstre féminin...;https://fr.web.img6.acsta.net/medias/nmedia/18/36/19/23/18944639.jpg;;75
8328;;Elfie et les Super Elfkins;Die Heinzels 2 - Neue Mützen, neue Mission;Il existe tout près de nous un monde secret où vit Elfie, une petite Elfkin qui rêve d’aventures. Quand elle rencontre Bo et sa famille un brin casse-cou, une mission très spéciale les attend : aider Mira, une petite fille humaine qui rêve d’avoir un animal de compagnie. Chat câlin ? Chien rigolo ? Ou peut-être... tous les animaux du quartier ? Les deux amis vont vite comprendre que les plus petits peuvent accomplir de grandes choses, surtout quand ils agissent avec le cœur !;https://fr.web.img6.acsta.net/img/38/02/3802568e8a1032585bdbf118a7b16815.jpg;2026-04-29;76
8329;;Identification d'une femme;Identificazione di una donna;Niccolo Farra, cineaste, travaille a un projet de film ou scenario et personnages ne sont pas encore definis. La liaison fugitive qu'il noue avec Mavi, une belle et enigmatique aristocrate, ne sera pas sans consequences sur sa future creation.;https://fr.web.img6.acsta.net/medias/nmedia/18/64/63/32/19198045.jpg;;130
8331;;Contes de Printemps;Contes de Printemps;Un programme de 4 courts métrages pour réveiller la nature et les cœurs !;https://fr.web.img6.acsta.net/pictures/22/12/22/12/25/2339378.jpg;2023-03-29;47
8332;;didy;didy;Gaël avait cinq ans lorsque sa mère, Didy, est morte. Les souvenirs d’elle se sont depuis perdus dans la fureur des guerres civiles, du génocide et du sida qui ont ravagé le Burundi puis le Rwanda et ont précipité son exil vers la Suisse.  30 ans plus tard, il se risque à rouvrir les pages de son histoire familiale en partant à la rencontre de celles et ceux qui ont connu sa mère. À travers sa mémoire, c’est le portrait de toute une génération de femmes rwandaises qui se dévoile, renouant le dialogue avec ceux qui portent leurs histoires.;https://fr.web.img6.acsta.net/img/36/db/36db5cf127eef46baa705902643cce48.jpg;2026-04-22;84
8336;;Brief History of a Family;Jia ting jian shi;Wei est le fils unique d’une famille aisée, dans la Chine moderne et urbaine. Alors qu’il se rapproche de Shuo, un camarade d’école plutôt mystérieux, celui-ci commence à s’immiscer dans leur quotidien. Peu à peu, sa présence semble perturber l’équilibre familial.;https://fr.web.img6.acsta.net/img/fc/84/fc8462ff9233a884ceaaf1d8e5d0b9a9.jpg;2025-08-13;100
8338;;Peppa au cinéma : La famille s’agrandit !;Peppa au cinéma : La famille s’agrandit !;À partir du 1er avril, retrouvez Peppa et toute sa joyeuse famille au cinéma pour une aventure « groin-tastique » à vivre sur grand écran ! L’an dernier, la famille accueillait la petite Evie et compte maintenant cinq membres, prêts à multiplier les fous rires et les instants complices.;https://fr.web.img6.acsta.net/img/a5/44/a54459b5524b7c92d8b8af4b283b1a2b.jpg;2026-04-01;49
8339;;Roméo et Juliette (Comédie-Française - Pathé Live);Roméo et Juliette (Comédie-Française - Pathé Live);À Vérone, une rivalité ancestrale oppose Capulet et Montaigu. Lorsque Roméo Montaigu rencontre Juliette Capulet naît immédiatement entre eux un amour dont ils savent l’éternité et pressentent la fin tragique…;https://fr.web.img6.acsta.net/pictures/18/11/27/11/21/3217978.jpg?coixp=44&coiyp=22;2018-12-09;180
8342;;Sorda;Sorda;Angela est sourde, Hector est entendant. Ils forment un couple épanoui et heureux malgré leur différence. Mais la naissance de leur premier enfant inquiète Angela : saura-t-elle créer un lien avec sa fille ? Comment apprendre à devenir mère dans un monde qui oublie si souvent d’inclure ceux qui n’entendent pas ?;https://fr.web.img6.acsta.net/img/ff/de/ffde10f946a815725bb5cd6e5b47bbe3.jpg;2026-04-29;100
8346;;Une si longue lettre;Une si longue lettre;Ramatoulaye, mère de sept enfants et directrice d’une école primaire de Dakar, est mariéeà Modou depuis 30 ans. Lorsque celui-ci décide de prendre une seconde épouse, Binetou, âgée de 20 ans, la désillusion est cruelle. Commence alors une lutte sans merci où s’affrontent tradition et modernité, et des visions radicalement différentes de la place de la femme dans la société africaine d’aujourd’hui.;;;104
8347;;Looking for Yotam;Looking for Yotam;Dans Looking for Yotam, le réalisateur Georges Benayoun retrace le parcours bouleversant de Yotam Haim, un Israélien de 28 ans enlevé par le Hamas le 7 octobre à son domicile du kibboutz Kfar Aza. Emmené dans les tunnels sous Gaza, Yotam disparaît sans laisser de trace. Pendant des semaines, sa famille vit dans une angoisse suspendue, sans savoir s’il est vivant, blessé ou déjà perdu. Georges Benayoun reconstitue le chemin de Yotam à travers des témoignages intimes et une mise en scène d’une grande retenue. Le film retrace le moment de l’enlèvement, le silence insoutenable qui s’ensuit, puis l’annonce stupéfiante de son évasion aux côtés de deux autres otages. L’espace d’un instant, le retour semble possible. Mais avant d’atteindre un lieu sûr, Yotam est abattu par des soldats israéliens qui confondent le groupe avec des combattants ennemis. Ce qui commence comme un récit de disparition devient une histoire de retour — puis, tragiquement, d’erreur fatale. À travers des entretiens sobres et des séquences animées qui donnent forme à l’invisible, Georges Benayoun refuse de réduire Yotam à un symbole. Il le restitue comme un fils, un batteur, un homme qui s’est battu pour rester en vie. Il en résulte un récit profondément humain, fait d’espoir, de méprise et de perte irréversible.;https://fr.web.img6.acsta.net/img/9d/7c/9d7c8cf0138d824d43067f3869f06423.jpg;2026-04-15;82
8348;;Circonstances attenuantes;Circonstances attenuantes;Un couple de bourgeois stricts part en vacances. Mais ils echouent dans une auberge en face de gens du milieu. Les bandits admirent la connaissance du code de M. Le Sentencier sans se douter qu'ils ont affaire a un magistrat severe.;https://fr.web.img6.acsta.net/medias/nmedia/18/78/05/92/19444876.jpg;;87
8349;;La Flûte Enchantée (Royal opera House);La Flûte Enchantée (Royal opera House);;https://fr.web.img6.acsta.net/pictures/17/08/24/14/26/363478.jpg;2017-09-20;190
8350;;Les Toutes Petites Créatures;The Very Small Creatures;Suivez les aventures de Rose, Bleu, Orange, Jaune et Vert, un groupe de toutes petites créatures drôles et attachantes. À travers le jeu, ces petites créatures en pâte à modeler découvrent avec amusement le monde qui les entoure. L’humour est au cœur de ce programme, abordant avec légèreté des thèmes tels que la découverte de l’autre, le travail d’équipe, l’empathie et la tolérance.;https://fr.web.img6.acsta.net/pictures/23/12/14/13/46/2755277.jpg;2024-02-07;38
8354;;Koyaanisqatsi, la prophétie;Koyaanisqatsi;Sur une musique de Philip Glass se succèdent des images de nature, de vies sociales, d'individus, de paysages somptueux arrachés à la paix de la Création par des bulldozers, des brouillards de pollution...;https://fr.web.img6.acsta.net/pictures/18/02/26/13/16/1942374.jpg;;87
8356;;French Film;French Film;"À Paris, Sam, une vingtaine d’années, partage sa vie avec Léna, une jeune actrice. Malgré leur attachement, l’élan des débuts s’est émoussé : Sam se montre de plus en plus possessif, tandis que Léna s’interroge sur la sincérité de ses sentiments. Dans une société en mutation, leur chemin croise celui d’Arthur, idéaliste entravé par ses propres contradictions ; d'une future mariée au détachement troublant ; et de Marco, guidé par ses désirs à la recherche d’une relation absolue. Dans cette ville à la fois rigide et pleine de promesses, Sam et Léna parviendront-ils à redéfinir leur lien ?";https://fr.web.img6.acsta.net/img/4c/8f/4c8fac64bcd1f0177db3ffe73173c208.jpg;;70
8359;;Le Prisonnier d'Alcatraz;Birdman of Alcatraz;"Après deux meurtres de sang-froid, Robert Stroud est transféré dans les quartiers de haute sécurité de la prison d’Alcatraz. Un jour, dans la cour, il trouve un moineau blessé. Il le recueille, le soigne et l'apprivoise. Etudiant sans relâche, il passe maître en ornithologie et devient ""l’homme aux canaris"".";https://fr.web.img6.acsta.net/medias/nmedia/00/02/56/00/affiche.jpg;;147
8360;;Un Enfant attend;A Child Is Waiting;Engagée depuis peu dans une clinique pour les mineurs atteints de trisomie et d’autisme, Jean Hansen entend améliorer la condition de ses jeunes patients par des cours de musicothérapie. Dès son arrivée, elle s’attache à Reuben Widdicombe, un petit garçon terriblement introverti et solitaire, ce qui ne plaît guère au docteur Clark, le directeur de l’institution. Deux personnalités, deux méthodes. En offrant à l’enfant, que son père voudrait retirer de l’établissement, un rôle d’Indien dans un spectacle, Jean Hansen espère qu’il va s’ouvrir au monde, envoyer enfin un signe à ceux qui ne voient en lui qu’une charge impossible à porter.;https://fr.web.img6.acsta.net/pictures/17/10/30/10/52/0812400.jpg;1979-10-24;102
8361;;Scorpio;Scorpio;Cross travaille depuis des années pour la CIA. Il est l'un des rares espions à avoir déjoué tous les pièges de la Guerre froide. Durant ses récentes années de service, il a tout appris à son jeune collègue français, Jean Laurier. Mais depuis peu, Cross constate que sa hiérarchie se montre particulièrement distante. Il constate bien vite que ses supérieurs ont décidé de le neutraliser. Or, c'est Laurier qui est chargé de l'abattre. Cross prend alors la fuite et trouve refuge à Vienne, chez Zharkov, un vieux grigou travaillant pour le KGB. Un film d'espionnage au scénario irréprochable. Michael Winner est plus connu pour avoir signé les trois premiers volets d'«Un justicier dans la ville» avec Charles Bronson.;https://fr.web.img6.acsta.net/medias/nmedia/18/73/04/47/19188220.jpg;;114
8372;;L'Histoire officielle;La Historia Oficial;"1983 - Alicia, professeur d'histoire dans un lycée de Buenos Aires, mène une vie tranquille et bourgeoise avec son mari et la petite Gaby qu'ils ont adoptée. Dans sa vie professionnelle comme dans sa vie privée, elle a toujours accepté ""la version officielle"" jusqu’au jour où le régime s’effondre. L'énorme mensonge se fissure, et Alicia se met à suspecter que Gaby pourrait être la fille d'un ""disparu"". Débute alors un inexorable voyage à la recherche de la vérité, une quête dans laquelle Alicia pourrait bien tout perdre.";https://fr.web.img6.acsta.net/pictures/16/08/03/14/51/359435.jpg;2016-10-05;112
8373;;Irréalisable;Irréalisable;Six personnes qui ne se connaissent pas se retrouvent à passer une semaine de vacances dans le magnifique gîte des Mimosas. Là-bas il fait fait bon vivre, Greg et sa femme Monica, les deux hôtes, sont absolument charmants et prennent soin de leurs pensionnaires. Mais tout ne va pas se passer comme prévu, l'un des protagonistes a un sombre projet qui implique à leur insu tous les résidents. Le séjour idyllique va tourner au cauchemar.;https://fr.web.img6.acsta.net/img/7e/1c/7e1c90d7848fc189735b7dc44fbd1ea5.jpg;;88
8376;;Jane Goodall : Une vie extraordinaire;Jane Goodall: Reasons for Hope;Un documentaire inspirant qui explore les raisons d’espérer à travers le regard et l’héritage de Jane Goodall, primatologue de renom. Trois histoires de conservation illustrent comment la passion, la science et l’humanité peuvent transformer notre avenir commun.;https://fr.web.img6.acsta.net/img/4a/6f/4a6f298a3fec80ba7c639c40cf155e43.png;2026-01-21;44
8377;;Les baleines bleues : le retour des géants;Blue Whales: Return of the Giants;les baleines bleues sont les plus grands animaux qui aient jamais existé, plus grands mêmes que les dinosaures. elles sont plus longues qu'un avion de ligne et leur langue pèse aussi lourd qu'un éléphant. l'écran géant est le meilleur endroit où vous pouvez les voir grandeur nature ! participez à l'aventure d'une vie pour découvrir un groupe de baleines bleues disparu depuis longtemps dans un coin reculé de l'océan, là où aucun scientifique ni aucune équipe de tournage n'a encore jamais exploré. les découvertes de l'expédition contribueront à la création de nouvelles zones marines protégées.;https://fr.web.img6.acsta.net/img/d2/c0/d2c0dbc44cf590682488c49d61655faa.jpg;2023-05-25;45
8379;;Mountain Adventure - Au-delà des frontières;Mountain Adventure: Out of Bounds;Des montagnes australiennes à l’Alaska, la championne Torah Bright repousse ses limites et explore la beauté fragile des sommets du monde. Entre adrénaline et conscience écologique, une immersion spectaculaire au cœur des montagnes sauvages.;https://fr.web.img6.acsta.net/img/ae/d1/aed11a6842d4abc0af6c5c7dae9eedf1.jpg;2025-12-24;44
8380;;Serengeti : un voyage au coeur de l'Afrique;Serengeti : Journey to the Heart of Africa;La vie dans le Serengeti n'a jamais été aussi intense. Il abrite la plupart des animaux connus d'Afrique et l'un des plus grands événements naturels du monde : la migration annuelle des gnous. La nature a créé un équilibre parfait où chaque espèce a un rôle bien précis à jouer dans une histoire plus vaste : l'équilibre d'un écosystème entier.;https://fr.web.img6.acsta.net/img/e0/8d/e08ddeba959706d065f2ddf02524b86d.jpg;;45
8381;;T.Rex;T.Rex;Depuis plus d'un siècle, les dinosaures inspirent et enthousiasment le public. Avec les progrès de l'imagerie de synthèse et les révélations de la paléontologie du tyrannosaure au cours des vingt-cinq dernières années, le temps est venu de redécouvrir le T-Rex dans les salles de cinéma et les musées les plus prestigieux du monde. Chronique d'une découverte remarquable dans les terres arides de Hell Creek à l'été 2023, ce film immersif sur le plus écran de France explore la vie et l'époque du T-Rex.;https://fr.web.img6.acsta.net/img/60/4f/604f6f0a0c8449ab2a2c39b6c039742e.jpg;;45
8382;;Super human body;Superhuman Body : World of Medical Marvels;superhuman body : world of medical marvels explore le fonctionnement interne du corps humain et les incroyables avancées de la science et des technologies médicales qui nous permettent de vivre plus longtemps et en meilleure santé. raconté à travers les histoires inspirantes des chercheurs, des scientifiques et des patients à l'origine de ces innovations médicales révolutionnaires, ce documentaire, montre les façons extraordinaires dont notre corps fonctionne. superhuman body vous inspirera, vous émouvra et vous donnera les moyens d'agir, vous serez étonné de voir ce que votre corps surhumain peut faire !;https://fr.web.img6.acsta.net/img/d9/0f/d90f1a75d5aa111aacdede0eda50dcae.jpg;2024-04-12;40
8385;;Bhooth Bangla;Bhooth Bangla;Dans une vieille maison hantée, horreur et humour s’entremêlent tandis que des secrets du passé refont surface et plongent les habitants dans un chaos aussi effrayant que comique.;https://fr.web.img6.acsta.net/img/d6/d1/d6d1735ece201c1060765102f7682f37.jpg;;173
8387;;Premiers pas dans la forêt;Premiers pas dans la forêt;Les premiers pas d’un renardeau, d’un poulain, d’un ourson et d’un petit éléphant au cœur de la forêt. De courtes histoires sur ces êtres sensibles et innocents qui explorent le monde naturel qui les entoure. Un programme rempli de couleurs et de douceurs pour un premier pas au cinéma tout en évoquant la joie de l’instant présent, l’émerveillement, la curiosité et l’amitié.;https://fr.web.img6.acsta.net/pictures/19/10/04/13/44/3272456.jpg;2019-12-04;38
8389;;Yu-Gi-Oh! The Dark Side Of Dimensions;Yu-Gi-Oh! The Dark Side Of Dimensions;;https://fr.web.img6.acsta.net/img/95/27/9527d47860b795bc8303f737c5ce1293.jpeg;2026-05-14;130
